COUNTRY,DISTRICT,UAI_NAME,year,sales_season,firm,premium_rate,tlu,tsi_usd
KENYA,MARSABIT,NORTH HORR,2010,Jan/Feb,UAP,.0920000001788139,423.1499938964844,74051.25
KENYA,MARSABIT,DUKANA,2010,Jan/Feb,UAP,.0920000001788139,584.3499755859375,102261.25
KENYA,MARSABIT,TURBI,2010,Jan/Feb,UAP,.0920000001788139,414.6480102539063,72563.398
KENYA,MARSABIT,MAIKONA,2010,Jan/Feb,UAP,.0920000001788139,382.7520141601563,66981.602
KENYA,MARSABIT,MT KULAL,2010,Jan/Feb,UAP,.0920000001788139,98.5780029296875,17251.15
KENYA,MARSABIT,LOIYANGALANI,2010,Jan/Feb,UAP,.0920000001788139,94.29199981689453,16501.1
KENYA,MARSABIT,KARGI,2010,Jan/Feb,UAP,.0920000001788139,235.7300109863281,41252.75
KENYA,MARSABIT,LAISAMIS,2010,Jan/Feb,UAP,.054,980.2,171535
KENYA,MARSABIT,CENTRAL MARSABIT,2010,Jan/Feb,UAP,.054,2751.7,481547.5
KENYA,MARSABIT,DUKANA,2011,Jan/Feb,UAP,.0920000001788139,59.91400146484375,9226.7559
KENYA,MARSABIT,NORTH HORR,2011,Jan/Feb,UAP,.0920000001788139,43.38600158691406,6681.4438
KENYA,MARSABIT,MAIKONA,2011,Jan/Feb,UAP,.0920000001788139,82.2239990234375,12662.495
KENYA,MARSABIT,TURBI,2011,Jan/Feb,UAP,.0920000001788139,89.07599639892578,13717.703
KENYA,MARSABIT,LOIYANGALANI,2011,Jan/Feb,UAP,.0920000001788139,44.04399871826172,6782.7764
KENYA,MARSABIT,KARGI,2011,Jan/Feb,UAP,.0920000001788139,110.1100006103516,16956.941
KENYA,MARSABIT,MT KULAL,2011,Jan/Feb,UAP,.0920000001788139,46.04600143432617,7091.0845
KENYA,MARSABIT,LAISAMIS,2011,Jan/Feb,UAP,.054,374.8,57719.199
KENYA,MARSABIT,CENTRAL MARSABIT,2011,Jan/Feb,UAP,.054,458.9,70670.602
KENYA,MARSABIT,NORTH HORR,2011,Aug/Sep,UAP,.0920000001788139,56.23799514770508,8660.6514
KENYA,MARSABIT,DUKANA,2011,Aug/Sep,UAP,.0920000001788139,77.66199493408203,11959.947
KENYA,MARSABIT,TURBI,2011,Aug/Sep,UAP,.0920000001788139,55.89999771118164,8608.5996
KENYA,MARSABIT,MAIKONA,2011,Aug/Sep,UAP,.0920000001788139,51.59999847412109,7946.3999
KENYA,MARSABIT,LOIYANGALANI,2011,Aug/Sep,UAP,.0920000001788139,15.55399894714355,2395.3159
KENYA,MARSABIT,MT KULAL,2011,Aug/Sep,UAP,.0920000001788139,16.26099967956543,2504.1941
KENYA,MARSABIT,KARGI,2011,Aug/Sep,UAP,.0920000001788139,38.8849983215332,5988.29
KENYA,MARSABIT,LAISAMIS,2011,Aug/Sep,UAP,.054,317.2,48848.801
KENYA,MARSABIT,CENTRAL MARSABIT,2011,Aug/Sep,UAP,.054,206.2,31754.801
KENYA,MARSABIT,NORTH HORR,2012,Aug/Sep,APA,.092,164.5,27636
KENYA,MARSABIT,MAIKONA,2012,Aug/Sep,APA,.092,18.4,3091.2
KENYA,MARSABIT,LOIYANGALANI,2012,Aug/Sep,APA,.054,10,1680
KENYA,MARSABIT,CENTRAL MARSABIT,2012,Aug/Sep,APA,.054,119.5,20076
KENYA,MARSABIT,LAISAMIS,2012,Aug/Sep,APA,.054,100.8,16934.4
ETHIOPIA,BORANA,MIYO,2012,Aug/Sep,OIC,.1105,4,1344
ETHIOPIA,BORANA,GARA MEGA,2012,Aug/Sep,OIC,.0949,.4000000059604645,156.8
ETHIOPIA,BORANA,GOLBO_ET,2012,Aug/Sep,OIC,.0975,39.40000152587891,11300.801
ETHIOPIA,BORANA,GARACHA DIRE,2012,Aug/Sep,OIC,.0949,9.100000381469727,2895.2002
ETHIOPIA,BORANA,MALBE DILLO,2012,Aug/Sep,OIC,.0975,25.39999961853027,8276.7998
ETHIOPIA,BORANA,GUBA TERTALE,2012,Aug/Sep,OIC,.0871,21,6216
ETHIOPIA,BORANA,MALBE YABELLO,2012,Aug/Sep,OIC,.0754,16.79999923706055,5129.6001
ETHIOPIA,BORANA,MOYALE,2012,Aug/Sep,OIC,.1105,4.300000190734863,1237.6001
ETHIOPIA,BORANA,GOLBA ARERO,2012,Aug/Sep,OIC,.0858,43.79999923706055,12577.601
ETHIOPIA,BORANA,GOMOLE,2012,Aug/Sep,OIC,.0754,70.5,20826.4
ETHIOPIA,BORANA,BADA ARERO,2012,Aug/Sep,OIC,.0858,82.30000305175781,23816.801
ETHIOPIA,BORANA,GARACHA TULA DHAS,2012,Aug/Sep,OIC,.0936,42.09999847412109,12023.2
ETHIOPIA,BORANA,GOLBO DIRE,2012,Aug/Sep,OIC,.0949,53.59999847412109,15747.2
ETHIOPIA,BORANA,MALBE TELTELE,2012,Aug/Sep,OIC,.0871,80.80000305175781,24080
ETHIOPIA,BORANA,MIRGA ARERO,2012,Aug/Sep,OIC,.0858,5,1512
KENYA,MARSABIT,NORTH HORR,2013,Jan/Feb,APA,.092,83.8,13491.8
KENYA,MARSABIT,MAIKONA,2013,Jan/Feb,APA,.092,47.9,7711.8999
KENYA,MARSABIT,LOIYANGALANI,2013,Jan/Feb,APA,.054,10,1610
KENYA,MARSABIT,LAISAMIS,2013,Jan/Feb,APA,.054,136,21896
KENYA,MARSABIT,CENTRAL MARSABIT,2013,Jan/Feb,APA,.054,115.9,18659.9
ETHIOPIA,BORANA,BADA ARERO,2013,Jan/Feb,OIC,.0858,10,2889
ETHIOPIA,BORANA,GOLBA ARERO,2013,Jan/Feb,OIC,.0858,33.59999847412109,9266.2002
ETHIOPIA,BORANA,GOLBO_ET,2013,Jan/Feb,OIC,.0975,145.1000061035156,46250.75
ETHIOPIA,BORANA,MOYALE,2013,Jan/Feb,OIC,.1105,10,2889
ETHIOPIA,BORANA,GOLBO DIRE,2013,Jan/Feb,OIC,.0949,5.900000095367432,1781.55
ETHIOPIA,BORANA,MIRGA ARERO,2013,Jan/Feb,OIC,.0858,28.5,8276.4502
ETHIOPIA,BORANA,MIYO,2013,Jan/Feb,OIC,.1105,42.59999847412109,11780.7
ETHIOPIA,BORANA,GARA MEGA,2013,Jan/Feb,OIC,.0949,.1000000014901161,37.450001
ETHIOPIA,BORANA,GOMOLE,2013,Jan/Feb,OIC,.0754,67.90000152587891,18473.551
ETHIOPIA,BORANA,QAQALO MOYALE,2013,Jan/Feb,OIC,.1105,1.299999952316284,486.85001
ETHIOPIA,BORANA,GARACHA TULA DHAS,2013,Jan/Feb,OIC,.0936,52,14659
ETHIOPIA,BORANA,GARACHA DIRE,2013,Jan/Feb,OIC,.0949,1.700000047683716,636.65002
ETHIOPIA,BORANA,MALBE YABELLO,2013,Jan/Feb,OIC,.0754,4.599999904632568,1722.7001
ETHIOPIA,BORANA,MALBE TELTELE,2013,Jan/Feb,OIC,.0871,17.79999923706055,4954.1001
ETHIOPIA,BORANA,GUBA TERTALE,2013,Jan/Feb,OIC,.0871,11.19999980926514,3231.3999
ETHIOPIA,BORANA,MALBE DILLO,2013,Jan/Feb,OIC,.0975,30.70000076293945,8822.1504
KENYA,MARSABIT,NORTH HORR,2013,Aug/Sep,APA,.1,53.7,8645.7002
KENYA,MARSABIT,MAIKONA,2013,Aug/Sep,APA,.109,2.5,402.5
KENYA,MARSABIT,LOIYANGALANI,2013,Aug/Sep,APA,.099,1.6,257.60001
KENYA,WAJIR,WAJIR-BOR,2013,Aug/Sep,TIA,.1000000014901161,16.5,2656.5
KENYA,WAJIR,HABASWEIN,2013,Aug/Sep,TIA,.1191626042127609,89.3,14377.3
KENYA,WAJIR,SEBULE,2013,Aug/Sep,TIA,.1058869063854218,4.8,772.79999
KENYA,WAJIR,HADADO,2013,Aug/Sep,TIA,.1098505407571793,80.8,13008.8
KENYA,WAJIR,BUTE,2013,Aug/Sep,TIA,.0985439196228981,51.8,8339.7998
KENYA,WAJIR,CENTRAL WAJIR,2013,Aug/Sep,TIA,.1022321432828903,5.8,933.79999
KENYA,WAJIR,ELDAS,2013,Aug/Sep,TIA,.1323831081390381,3.8,611.79999
KENYA,WAJIR,KOTULO (WAJIR),2013,Aug/Sep,TIA,.0636,71.09999999999999,11447.1
KENYA,WAJIR,GRIFTU,2013,Aug/Sep,TIA,.1033812165260315,7.5,1207.5
KENYA,ISIOLO,OLDONYIRO,2013,Aug/Sep,APA,.1331,371.2,59763.199
KENYA,ISIOLO,GARBA TULLA,2013,Aug/Sep,APA,.05,2,322
KENYA,MARSABIT,CENTRAL MARSABIT,2013,Aug/Sep,APA,.106,76.7,12348.7
KENYA,ISIOLO,MERTI,2013,Aug/Sep,APA,.1383,5.5,885.5
KENYA,ISIOLO,CENTRAL ISIOLO,2013,Aug/Sep,APA,.1429,6.6,1062.6
KENYA,MARSABIT,LAISAMIS,2013,Aug/Sep,APA,.111,11.9,1915.9
ETHIOPIA,BORANA,MIYO,2013,Aug/Sep,OIC,.1105,.1000000014901161,37.450001
ETHIOPIA,BORANA,GOLBO DIRE,2013,Aug/Sep,OIC,.0949,1.700000047683716,529.65002
ETHIOPIA,BORANA,MALBE TELTELE,2013,Aug/Sep,OIC,.0871,30,8025
ETHIOPIA,BORANA,GARACHA TULA DHAS,2013,Aug/Sep,OIC,.0936,31,8399.5
ETHIOPIA,BORANA,MALBE DILLO,2013,Aug/Sep,OIC,.0975,20.29999923706055,5997.3501
ETHIOPIA,BORANA,MIRGA ARERO,2013,Aug/Sep,OIC,.0858,34.40000152587891,10229.2
ETHIOPIA,BORANA,GARACHA DIRE,2013,Aug/Sep,OIC,.0949,5.599999904632568,1883.2001
ETHIOPIA,BORANA,GARA MEGA,2013,Aug/Sep,OIC,.0949,8.5,3589.8501
ETHIOPIA,BORANA,MALBE YABELLO,2013,Aug/Sep,OIC,.0754,.4000000059604645,149.8
ETHIOPIA,BORANA,GOMOLE,2013,Aug/Sep,OIC,.0754,40.59999847412109,11245.7
ETHIOPIA,BORANA,GOLBO_ET,2013,Aug/Sep,OIC,.0975,31.39999961853027,8442.2998
ETHIOPIA,BORANA,BADA ARERO,2013,Aug/Sep,OIC,.0858,15.39999961853027,4162.2998
ETHIOPIA,BORANA,MOYALE,2013,Aug/Sep,OIC,.1105,4.5,1364.25
KENYA,MARSABIT,NORTH HORR,2014,Jan/Feb,APA,.0964,19.9,3203.8999
KENYA,MARSABIT,MAIKONA,2014,Jan/Feb,APA,.0891,6.2,998.20001
KENYA,MARSABIT,LOIYANGALANI,2014,Jan/Feb,APA,.0996,12.1,1948.1
KENYA,WAJIR,KOTULO (WAJIR),2014,Jan/Feb,TIA,.061,54.1,8710.0996
KENYA,WAJIR,HADADO,2014,Jan/Feb,TIA,.0691863819956779,154.9,24938.9
KENYA,WAJIR,GURAR,2014,Jan/Feb,TIA,.0489999987185001,7,1127
KENYA,WAJIR,SEBULE,2014,Jan/Feb,TIA,.060742162168026,274.4,44178.398
KENYA,WAJIR,WAJIR-BOR,2014,Jan/Feb,TIA,.0628071427345276,16,2576
KENYA,WAJIR,HABASWEIN,2014,Jan/Feb,TIA,.0751999989151955,62.70000000000002,10094.7
KENYA,WAJIR,TARBAJ,2014,Jan/Feb,TIA,.0583703704178333,27,4347
KENYA,WAJIR,DIFF,2014,Jan/Feb,TIA,.0579999983310699,1,161
KENYA,WAJIR,GRIFTU,2014,Jan/Feb,TIA,.0631874725222588,60.7,9772.7002
KENYA,WAJIR,CENTRAL WAJIR,2014,Jan/Feb,TIA,.0799999982118607,2.1,338.10001
KENYA,ISIOLO,OLDONYIRO,2014,Jan/Feb,APA,.1093,11,1771
KENYA,ISIOLO,CENTRAL ISIOLO,2014,Jan/Feb,APA,.094,53.8,8661.7998
KENYA,MARSABIT,CENTRAL MARSABIT,2014,Jan/Feb,APA,.0798,.6,96.599998
KENYA,ISIOLO,MERTI,2014,Jan/Feb,APA,.1162,10.1,1626.1
ETHIOPIA,BORANA,MALBE TELTELE,2014,Jan/Feb,OIC,.077,19.29999923706055,5054.1001
ETHIOPIA,BORANA,BADA HIDDI,2014,Jan/Feb,OIC,.098,5,1275
ETHIOPIA,BORANA,GOMOLE,2014,Jan/Feb,OIC,.067,54.79999923706055,14667.6
ETHIOPIA,BORANA,MALBE DILLO,2014,Jan/Feb,OIC,.086,19.79999923706055,5334.6001
ETHIOPIA,BORANA,BADA ARERO,2014,Jan/Feb,OIC,.076,7.5,1963.5
ETHIOPIA,BORANA,GOLBO DIRE,2014,Jan/Feb,OIC,.084,1.200000047683716,428.39999
ETHIOPIA,BORANA,MIRGA ARERO,2014,Jan/Feb,OIC,.076,3.900000095367432,1392.2999
ETHIOPIA,BORANA,GARA MEGA,2014,Jan/Feb,OIC,.084,5,1785
ETHIOPIA,BORANA,MOYALE,2014,Jan/Feb,OIC,.098,39.5,10939.5
ETHIOPIA,BORANA,GOLBO_ET,2014,Jan/Feb,OIC,.086,32,8364
ETHIOPIA,BORANA,DUGDA DAWA,2014,Jan/Feb,OIC,.071,.2000000029802322,71.400002
ETHIOPIA,BORANA,GARACHA DIRE,2014,Jan/Feb,OIC,.084,12,3366
ETHIOPIA,BORANA,MALBE YABELLO,2014,Jan/Feb,OIC,.067,1.299999952316284,464.10001
ETHIOPIA,BORANA,GARACHA TULA DHAS,2014,Jan/Feb,OIC,.083,45.20000076293945,12158.399
ETHIOPIA,BORANA,QAQALO MOYALE,2014,Jan/Feb,OIC,.098,54.29999923706055,15325.5
ETHIOPIA,BORANA,MIYO,2014,Jan/Feb,OIC,.098,43.09999847412109,13346.7
ETHIOPIA,BORANA,GOLBA ARERO,2014,Jan/Feb,OIC,.076,31.89999961853027,8328.2998
KENYA,MARSABIT,NORTH HORR,2014,Aug/Sep,APA,.099,18.6,2994.6001
KENYA,MARSABIT,MAIKONA,2014,Aug/Sep,APA,.081,34.8,5602.7998
KENYA,MARSABIT,TURBI,2014,Aug/Sep,APA,.079,1.4,225.39999
KENYA,MARSABIT,KARGI,2014,Aug/Sep,APA,.077,32.6,5248.6001
KENYA,MARSABIT,LOIYANGALANI,2014,Aug/Sep,APA,.104,8.4,1352.4
KENYA,WAJIR,TARBAJ,2014,Aug/Sep,TIA,.0718089118599892,16.4,2640.3999
KENYA,WAJIR,BUTE,2014,Aug/Sep,TIA,.0584000013768673,2,322
KENYA,ISIOLO,KINNA,2014,Aug/Sep,TIA,.046,7.6,1223.6
KENYA,WAJIR,CENTRAL WAJIR,2014,Aug/Sep,TIA,.0931208804249763,55.7,8967.7002
KENYA,ISIOLO,SERICHO,2014,Aug/Sep,TIA,.052,12.1,1948.1
KENYA,WAJIR,HADADO,2014,Aug/Sep,TIA,.077293336391449,18.3,2946.3
KENYA,ISIOLO,GARBA TULLA,2014,Aug/Sep,TIA,.046,55.9,8999.9004
KENYA,WAJIR,HABASWEIN,2014,Aug/Sep,TIA,.0787333324551582,11.9,1915.9
KENYA,WAJIR,ELDAS,2014,Aug/Sep,TIA,.0784000009298325,4,644
KENYA,WAJIR,WAJIR-BOR,2014,Aug/Sep,TIA,.0835496634244919,23.8,3831.8
KENYA,WAJIR,KOTULO (WAJIR),2014,Aug/Sep,TIA,.073,2,322
KENYA,WAJIR,BUNA,2014,Aug/Sep,TIA,.0719999969005585,6,966
KENYA,ISIOLO,CENTRAL ISIOLO,2014,Aug/Sep,TIA,.045,2,322
KENYA,WAJIR,DIFF,2014,Aug/Sep,TIA,.0764693692326546,47,7567
KENYA,WAJIR,SEBULE,2014,Aug/Sep,TIA,.0607363618910313,60,9660
KENYA,WAJIR,GRIFTU,2014,Aug/Sep,TIA,.0791369676589966,12.5,2012.5
KENYA,MARSABIT,LAISAMIS,2014,Aug/Sep,APA,.078,30.1,4846.1001
KENYA,MARSABIT,CENTRAL MARSABIT,2014,Aug/Sep,APA,.075,24.4,3928.3999
KENYA,ISIOLO,MERTI,2014,Aug/Sep,APA,.099,1.6,257.60001
KENYA,MARSABIT,GADAMOJI,2014,Aug/Sep,APA,.074,2,322
KENYA,ISIOLO,CENTRAL ISIOLO,2014,Aug/Sep,APA,.094,53.5,8613.5
KENYA,ISIOLO,OLDONYIRO,2014,Aug/Sep,APA,.109,125.2,20157.199
ETHIOPIA,BORANA,MALBE TELTELE,2014,Aug/Sep,OIC,.077,38.5,10745.7
ETHIOPIA,BORANA,GAMOJI MELKA SODA,2014,Aug/Sep,OIC,.061099998652935,39.70000076293945,11337.3
ETHIOPIA,BORANA,GOLBA ARERO,2014,Aug/Sep,OIC,.076,39.5,10429.5
ETHIOPIA,BORANA,MALBE YABELLO,2014,Aug/Sep,OIC,.067,10.39999961853027,3202.8
ETHIOPIA,BORANA,GOLBO DIRE,2014,Aug/Sep,OIC,.084,3.299999952316284,974.09998
ETHIOPIA,BORANA,MOYALE,2014,Aug/Sep,OIC,.098,45.79999923706055,13290.6
ETHIOPIA,BORANA,GOMOLE,2014,Aug/Sep,OIC,.067,77.19999694824219,21705.6
ETHIOPIA,BORANA,BADA ARERO,2014,Aug/Sep,OIC,.076,21.89999961853027,5676.2998
ETHIOPIA,BORANA,GARACHA DIRE,2014,Aug/Sep,OIC,.084,17.10000038146973,5288.6997
ETHIOPIA,BORANA,MIRGA ARERO,2014,Aug/Sep,OIC,.076,46.29999923706055,14060.7
ETHIOPIA,BORANA,QAQALO MOYALE,2014,Aug/Sep,OIC,.098,29.60000038146973,8323.2002
ETHIOPIA,BORANA,GARACHA TULA DHAS,2014,Aug/Sep,OIC,.083,78.40000152587891,23664
ETHIOPIA,BORANA,DUGDA DAWA,2014,Aug/Sep,OIC,.071,2.700000047683716,759.89996
ETHIOPIA,BORANA,GOLBO_ET,2014,Aug/Sep,OIC,.077,36.40000152587891,9424.7998
ETHIOPIA,BORANA,MIYO,2014,Aug/Sep,OIC,.098,76.69999694824219,21955.5
ETHIOPIA,BORANA,MALBE DILLO,2014,Aug/Sep,OIC,.086,34.59999847412109,10475.399
ETHIOPIA,BORANA,GARA MEGA,2014,Aug/Sep,OIC,.084,23.5,7430.6997
ETHIOPIA,BORANA,GAMOJI DUGDA DAWA,2014,Aug/Sep,OIC,.071,6,1836
KENYA,MARSABIT,NORTH HORR,2015,Jan/Feb,APA,.056,105.8,14812
KENYA,MARSABIT,DUKANA,2015,Jan/Feb,APA,.0629,134.2,18788
KENYA,MARSABIT,TURBI,2015,Jan/Feb,APA,.0787,21.6,3024
KENYA,MARSABIT,MAIKONA,2015,Jan/Feb,APA,.0789,62.4,8736
KENYA,MARSABIT,LOIYANGALANI,2015,Jan/Feb,APA,.0801,42.4,5936
KENYA,MARSABIT,KARGI,2015,Jan/Feb,APA,.084,17.6,2464
KENYA,MARSABIT,MT KULAL,2015,Jan/Feb,APA,.1043,5.2,728
KENYA,GARISSA,BENANE,2015,Jan/Feb,TIA,.0734,3,420
KENYA,GARISSA,BALAMBALA,2015,Jan/Feb,TIA,.0915325731039047,140.6,19684
KENYA,GARISSA,CENTRAL GARISSA,2015,Jan/Feb,TIA,.0736184865236282,77.59999999999999,10864
KENYA,GARISSA,BURA GARISSA,2015,Jan/Feb,TIA,.1374381929636002,211.9,29666
KENYA,MANDERA,WARGADUD,2015,Jan/Feb,TIA,.0682005509734154,5.2,728
KENYA,WAJIR,BUNA,2015,Jan/Feb,TIA,.0838447511196136,55,7700
KENYA,WAJIR,BUTE,2015,Jan/Feb,TIA,.0807142853736877,33.8,4732
KENYA,GARISSA,IJARA,2015,Jan/Feb,TIA,.0765,19.3,2702
KENYA,WAJIR,GURAR,2015,Jan/Feb,TIA,.1211677342653275,180.6999999999999,25298
KENYA,ISIOLO,GARBA TULLA,2015,Jan/Feb,TIA,.0875590741634369,57.20000000000001,8008
KENYA,WAJIR,KOTULO (WAJIR),2015,Jan/Feb,TIA,.0867,41.7,5838
KENYA,ISIOLO,KINNA,2015,Jan/Feb,TIA,.1106411516666412,37.4,5236
KENYA,GARISSA,DADAAB,2015,Jan/Feb,TIA,.081924244761467,20.5,2870
KENYA,MANDERA,CENTRAL MANDERA,2015,Jan/Feb,TIA,.0827669203281403,7.699999999999999,1078
KENYA,MANDERA,TAKABA,2015,Jan/Feb,TIA,.09080870449543,182.7,25578
KENYA,ISIOLO,CENTRAL ISIOLO,2015,Jan/Feb,TIA,.0931411683559418,47.9,6706
KENYA,WAJIR,SEBULE,2015,Jan/Feb,TIA,.1208452358841896,85.8,12012
KENYA,GARISSA,LIBOI,2015,Jan/Feb,TIA,.0952,13.3,1862
KENYA,GARISSA,JARAJILA,2015,Jan/Feb,TIA,.080217145383358,6.5,910
KENYA,GARISSA,MODOGASHE,2015,Jan/Feb,TIA,.0618,69.90000000000001,9786
KENYA,WAJIR,ELDAS,2015,Jan/Feb,TIA,.0820605456829071,397.2999999999998,55622
KENYA,WAJIR,DIFF,2015,Jan/Feb,TIA,.0924261435866356,388.3,54362
KENYA,WAJIR,WAJIR-BOR,2015,Jan/Feb,TIA,.1209117099642754,66.8,9352
KENYA,WAJIR,GRIFTU,2015,Jan/Feb,TIA,.0377518013119698,255,35700
KENYA,GARISSA,MASALANI,2015,Jan/Feb,TIA,.0838,31.3,4382
KENYA,WAJIR,HADADO,2015,Jan/Feb,TIA,.0346526391804218,752.3000000000001,105322
KENYA,ISIOLO,MERTI,2015,Jan/Feb,TIA,.058220386505127,67.5,9450
KENYA,GARISSA,HULUGHO,2015,Jan/Feb,TIA,.0757052227854729,66.09999999999999,9254
KENYA,MANDERA,KHALALIO,2015,Jan/Feb,TIA,.0766994580626488,106.9,14966
KENYA,ISIOLO,OLDONYIRO,2015,Jan/Feb,TIA,.0966523811221123,43.40000000000001,6076
KENYA,MANDERA,ELWAK,2015,Jan/Feb,TIA,.0815640389919281,61,8540
KENYA,WAJIR,HABASWEIN,2015,Jan/Feb,TIA,.1008051708340645,217.3,30422
KENYA,ISIOLO,SERICHO,2015,Jan/Feb,TIA,.071547619998455,49.00000000000001,6860
KENYA,GARISSA,SHANT-ABAK,2015,Jan/Feb,TIA,.0654742419719696,74,10360
KENYA,WAJIR,TARBAJ,2015,Jan/Feb,TIA,.09535001963377,77.5,10850
KENYA,GARISSA,SANKURI,2015,Jan/Feb,TIA,.1056916564702988,51.3,7182
KENYA,WAJIR,CENTRAL WAJIR,2015,Jan/Feb,TIA,.0777546316385269,389.5,54530
KENYA,GARISSA,SANGAILU,2015,Jan/Feb,TIA,.2681904733181,39.2,5488
KENYA,ISIOLO,MERTI,2015,Jan/Feb,APA,.0548,79.2,11088
KENYA,ISIOLO,OLDONYIRO,2015,Jan/Feb,APA,.0889,192.7,26978
KENYA,ISIOLO,CENTRAL ISIOLO,2015,Jan/Feb,APA,.0931,58.4,8176
KENYA,MARSABIT,CENTRAL MARSABIT,2015,Jan/Feb,APA,.1118,24.3,3402
KENYA,MARSABIT,LAISAMIS,2015,Jan/Feb,APA,.0887,64.7,9058
KENYA,MARSABIT,GADAMOJI,2015,Jan/Feb,APA,.1106,29.5,4130
ETHIOPIA,BORANA,QAQALO MOYALE,2015,Jan/Feb,OIC,.098,90.19999694824219,24931.201
ETHIOPIA,BORANA,MOYALE,2015,Jan/Feb,OIC,.098,43.90000152587891,11736
ETHIOPIA,BORANA,MALBE YABELLO,2015,Jan/Feb,OIC,.067,15.80000019073486,4828.7998
ETHIOPIA,BORANA,BADA ARERO,2015,Jan/Feb,OIC,.076,9,2160
ETHIOPIA,BORANA,GOLBO_ET,2015,Jan/Feb,OIC,.086,33.40000152587891,8150.3999
ETHIOPIA,BORANA,GARACHA DIRE,2015,Jan/Feb,OIC,.084,22,6796.8003
ETHIOPIA,BORANA,DUGDA DAWA,2015,Jan/Feb,OIC,.071,5.099999904632568,1521.6
ETHIOPIA,BORANA,GARA MEGA,2015,Jan/Feb,OIC,.084,4.400000095367432,1536
ETHIOPIA,BORANA,MIYO,2015,Jan/Feb,OIC,.098,117.0999984741211,30129.6
ETHIOPIA,BORANA,MALBE DILLO,2015,Jan/Feb,OIC,.086,27.29999923706055,7944
ETHIOPIA,BORANA,MIRGA ARERO,2015,Jan/Feb,OIC,.076,27.10000038146973,7377.6001
ETHIOPIA,BORANA,GAMOJI MELKA SODA,2015,Jan/Feb,OIC,.061099998652935,11.19999980926514,3340.8
ETHIOPIA,BORANA,GARACHA TULA DHAS,2015,Jan/Feb,OIC,.083,36.90000152587891,9422.4004
ETHIOPIA,BORANA,BADA HIDDI,2015,Jan/Feb,OIC,.098,34,8160
ETHIOPIA,BORANA,MALBE TELTELE,2015,Jan/Feb,OIC,.077,29.89999961853027,7550.3999
ETHIOPIA,BORANA,GAMOJI DUGDA DAWA,2015,Jan/Feb,OIC,.071,7.900000095367432,2366.3999
ETHIOPIA,BORANA,GOLBA ARERO,2015,Jan/Feb,OIC,.076,80.80000305175781,22656
ETHIOPIA,BORANA,GOMOLE,2015,Jan/Feb,OIC,.067,98.5,26433.6
KENYA,MARSABIT,DUKANA,2015,Aug/Sep,TIA,.0644849389791489,48.09999999999999,6734
KENYA,MARSABIT,NORTH HORR,2015,Aug/Sep,APA,.056,294.7,41258
KENYA,MARSABIT,MAIKONA,2015,Aug/Sep,APA,.0789,76.7,10738
KENYA,MARSABIT,TURBI,2015,Aug/Sep,APA,.0787,5.8,812
KENYA,MARSABIT,KARGI,2015,Aug/Sep,TIA,.0840939730405807,22.19999999999999,3108
KENYA,MARSABIT,MT KULAL,2015,Aug/Sep,TIA,.104285717010498,15.4,2156
KENYA,MARSABIT,MT KULAL,2015,Aug/Sep,APA,.1043,23.5,3290
KENYA,MARSABIT,LOIYANGALANI,2015,Aug/Sep,APA,.0801,90,12600
KENYA,MARSABIT,KARGI,2015,Aug/Sep,APA,.084,30.4,4256
KENYA,ISIOLO,MERTI,2015,Aug/Sep,TIA,.0547953397035599,238,33320
KENYA,GARISSA,DADAAB,2015,Aug/Sep,TIA,.0704300627112389,8.300000000000001,1162
KENYA,GARISSA,SANGAILU,2015,Aug/Sep,TIA,.0893740057945251,55.1,7714
KENYA,GARISSA,CENTRAL GARISSA,2015,Aug/Sep,TIA,.0685023814439774,7.2,1008
KENYA,MANDERA,ELWAK,2015,Aug/Sep,TIA,.0725408121943474,6.4,896
KENYA,MANDERA,KHALALIO,2015,Aug/Sep,TIA,.0767095759510994,132.6,18564
KENYA,ISIOLO,CENTRAL ISIOLO,2015,Aug/Sep,TIA,.0942450165748596,186.6,26124
KENYA,MOYALE,GOLBO_KE,2015,Aug/Sep,TIA,.096884198486805,9.900000000000002,1386
KENYA,MANDERA,LAFEY,2015,Aug/Sep,TIA,.0747900754213333,25.8,3612
KENYA,GARISSA,MASALANI,2015,Aug/Sep,TIA,.0837950557470322,33.6,4704
KENYA,ISIOLO,OLDONYIRO,2015,Aug/Sep,TIA,.0899467393755913,76.40000000000001,10696
KENYA,WAJIR,HABASWEIN,2015,Aug/Sep,TIA,.0919970795512199,257.1,35994
KENYA,WAJIR,SEBULE,2015,Aug/Sep,TIA,.1053990796208382,2868.500000000001,401590
KENYA,MOYALE,URAN,2015,Aug/Sep,TIA,.0962011367082596,30.7,4298
KENYA,MOYALE,CENTRAL MOYALE,2015,Aug/Sep,TIA,.0824,11.9,1666
KENYA,WAJIR,BUNA,2015,Aug/Sep,TIA,.0865714251995087,.5,70
KENYA,GARISSA,SANKURI,2015,Aug/Sep,TIA,.0804003551602364,28,3920
KENYA,WAJIR,ELDAS,2015,Aug/Sep,TIA,.0619036071002483,205.3000000000001,28742
KENYA,WAJIR,CENTRAL WAJIR,2015,Aug/Sep,TIA,.0775949209928513,829.0999999999996,116074
KENYA,GARISSA,MODOGASHE,2015,Aug/Sep,TIA,.0617967359721661,125.4,17556
KENYA,WAJIR,HADADO,2015,Aug/Sep,TIA,.0355046279728413,561.3,78582
KENYA,WAJIR,GURAR,2015,Aug/Sep,TIA,.0933967530727386,3.3,462
KENYA,GARISSA,JARAJILA,2015,Aug/Sep,TIA,.088887557387352,24.5,3430
KENYA,GARISSA,LIBOI,2015,Aug/Sep,TIA,.0952108427882195,44.4,6216
KENYA,ISIOLO,SERICHO,2015,Aug/Sep,TIA,.0560000017285347,36.5,5110
KENYA,MANDERA,TAKABA,2015,Aug/Sep,TIA,.0872929245233536,10.9,1526
KENYA,GARISSA,BALAMBALA,2015,Aug/Sep,TIA,.0801945775747299,21.6,3024
KENYA,GARISSA,DANYERE,2015,Aug/Sep,TIA,.0894874334335327,42.5,5950
KENYA,GARISSA,SHANT-ABAK,2015,Aug/Sep,TIA,.0618164837360382,10.9,1526
KENYA,WAJIR,WAJIR-BOR,2015,Aug/Sep,TIA,.0889044627547264,1269.2,177688
KENYA,WAJIR,TARBAJ,2015,Aug/Sep,TIA,.0890000388026237,215,30100
KENYA,MANDERA,CENTRAL MANDERA,2015,Aug/Sep,TIA,.0823988616466522,28.4,3976
KENYA,GARISSA,BENANE,2015,Aug/Sep,TIA,.0734415799379349,133.7,18718
KENYA,WAJIR,BUTE,2015,Aug/Sep,TIA,.0807099565863609,54.7,7658
KENYA,GARISSA,HULUGHO,2015,Aug/Sep,TIA,.0756982937455177,17.9,2506
KENYA,MANDERA,WARGADUD,2015,Aug/Sep,TIA,.0682003945112228,10.9,1526
KENYA,WAJIR,KOTULO (WAJIR),2015,Aug/Sep,TIA,.0867,258,36120
KENYA,MOYALE,OBBU,2015,Aug/Sep,TIA,.0899,66.90000000000001,9366
KENYA,GARISSA,BURA GARISSA,2015,Aug/Sep,TIA,.0942883789539337,99.7,13958
KENYA,MARSABIT,GADAMOJI,2015,Aug/Sep,TIA,.1106026470661163,27.5,3850
KENYA,WAJIR,GRIFTU,2015,Aug/Sep,TIA,.0372042581439018,1080.4,151256
KENYA,WAJIR,DIFF,2015,Aug/Sep,TIA,.085997648537159,1871.499999999999,262010
KENYA,ISIOLO,GARBA TULLA,2015,Aug/Sep,TIA,.0871919766068459,136.8,19152
KENYA,ISIOLO,KINNA,2015,Aug/Sep,TIA,.0943983197212219,114.2,15988
KENYA,ISIOLO,CENTRAL ISIOLO,2015,Aug/Sep,APA,.0931,223.5,31290
KENYA,ISIOLO,MERTI,2015,Aug/Sep,APA,.0548,78.3,10962
KENYA,ISIOLO,OLDONYIRO,2015,Aug/Sep,APA,.0889,566.7,79338
KENYA,MARSABIT,LAISAMIS,2015,Aug/Sep,APA,.0887,16.8,2352
ETHIOPIA,BORANA,GOLBO DIRE,2015,Aug/Sep,OIC,.0792,10.5,1752
ETHIOPIA,BORANA,QAQALO MOYALE,2015,Aug/Sep,OIC,.0878,47.09999847412109,7464
ETHIOPIA,BORANA,MOYALE,2015,Aug/Sep,OIC,.081,82.09999847412109,13752
ETHIOPIA,BORANA,MALBE TELTELE,2015,Aug/Sep,OIC,.0756,33.20000076293945,5280
ETHIOPIA,BORANA,GOLBO_ET,2015,Aug/Sep,OIC,.0701,8.5,1464
ETHIOPIA,BORANA,MALBE YABELLO,2015,Aug/Sep,OIC,.0863,45.79999923706055,8112
ETHIOPIA,BORANA,GARA MEGA,2015,Aug/Sep,OIC,.0971,2.099999904632568,504
ETHIOPIA,BORANA,GARACHA DIRE,2015,Aug/Sep,OIC,.0786,17,3408
ETHIOPIA,BORANA,BADA ARERO,2015,Aug/Sep,OIC,.11,5.199999809265137,864
ETHIOPIA,BORANA,GOMOLE,2015,Aug/Sep,OIC,.0828,49.09999847412109,7848
ETHIOPIA,BORANA,DUGDA DAWA,2015,Aug/Sep,OIC,.0871,1.200000047683716,192
ETHIOPIA,BORANA,GAMOJI MELKA SODA,2015,Aug/Sep,OIC,.096,22.60000038146973,3696
ETHIOPIA,BORANA,MALBE DILLO,2015,Aug/Sep,OIC,.0736,44.90000152587891,8280
ETHIOPIA,BORANA,MIRGA ARERO,2015,Aug/Sep,OIC,.1111,22.29999923706055,3336
KENYA,MARSABIT,NORTH HORR,2016,Jan/Feb,APA,.056,50.2,6887.4399
KENYA,MARSABIT,DUKANA,2016,Jan/Feb,APA,.0629,12.5,1715
KENYA,MARSABIT,MAIKONA,2016,Jan/Feb,TIA,.0788506120443344,8.699999999999999,1193.64
KENYA,MARSABIT,MAIKONA,2016,Jan/Feb,APA,.0789,10,1372
KENYA,MARSABIT,KARGI,2016,Jan/Feb,TIA,.0840476155281067,.6,82.32
KENYA,MARSABIT,LOIYANGALANI,2016,Jan/Feb,APA,.0801,27.9,3827.8801
KENYA,MARSABIT,KARGI,2016,Jan/Feb,APA,.084,9.5,1303.4
KENYA,MARSABIT,MT KULAL,2016,Jan/Feb,APA,.1043,67.5,9261
KENYA,MANDERA,LAFEY,2016,Jan/Feb,TIA,.0747857168316841,8,1097.6
KENYA,MOYALE,URAN,2016,Jan/Feb,TIA,.0962037295103073,17.7,2428.4399
KENYA,ISIOLO,GARBA TULLA,2016,Jan/Feb,TIA,.0872216001152992,6.7,919.23999
KENYA,GARISSA,SANKURI,2016,Jan/Feb,TIA,.0804154425859451,6.4,878.08002
KENYA,GARISSA,BURA GARISSA,2016,Jan/Feb,TIA,.0942908674478531,13.5,1852.2001
KENYA,GARISSA,CENTRAL GARISSA,2016,Jan/Feb,TIA,.0684999972581863,1,137.2
KENYA,WAJIR,TARBAJ,2016,Jan/Feb,TIA,.0890031754970551,8.000000000000002,1097.6
KENYA,GARISSA,MASALANI,2016,Jan/Feb,TIA,.0838154777884483,5.5,754.60004
KENYA,ISIOLO,CENTRAL ISIOLO,2016,Jan/Feb,TIA,.093105360865593,9.399999999999999,1289.6801
KENYA,MOYALE,OBBU,2016,Jan/Feb,TIA,.0899,6,823.20001
KENYA,WAJIR,WAJIR-BOR,2016,Jan/Feb,TIA,.0889019370079041,196.7,26987.24
KENYA,WAJIR,BUNA,2016,Jan/Feb,TIA,.086499996483326,.7,96.040001
KENYA,GARISSA,MODOGASHE,2016,Jan/Feb,TIA,.0618331171572208,9.4,1289.6801
KENYA,MOYALE,CENTRAL MOYALE,2016,Jan/Feb,TIA,.0824,14.4,1975.6801
KENYA,GARISSA,IJARA,2016,Jan/Feb,TIA,.0764642804861069,1.2,164.64
KENYA,MOYALE,GOLBO_KE,2016,Jan/Feb,TIA,.0968839302659035,4,548.79999
KENYA,MANDERA,WARGADUD,2016,Jan/Feb,TIA,.0681963860988617,14.7,2016.84
KENYA,ISIOLO,OLDONYIRO,2016,Jan/Feb,TIA,.0888949707150459,8.4,1152.48
KENYA,MANDERA,KHALALIO,2016,Jan/Feb,TIA,.0767142847180367,14,1920.8
KENYA,GARISSA,SANGAILU,2016,Jan/Feb,TIA,.0893718153238297,8.4,1152.48
KENYA,GARISSA,DADAAB,2016,Jan/Feb,TIA,.0704189762473106,130.4,17890.881
KENYA,ISIOLO,MERTI,2016,Jan/Feb,TIA,.0547960251569748,21.3,2922.3601
KENYA,WAJIR,SEBULE,2016,Jan/Feb,TIA,.1050984412431717,198.5000000000001,27234.201
KENYA,WAJIR,HADADO,2016,Jan/Feb,TIA,.0351964272558689,360,49392
KENYA,MANDERA,TAKABA,2016,Jan/Feb,TIA,.0872857123613358,7,960.40002
KENYA,WAJIR,CENTRAL WAJIR,2016,Jan/Feb,TIA,.0775844678282738,49.7,6818.8398
KENYA,GARISSA,DANYERE,2016,Jan/Feb,TIA,.0894956439733505,14.1,1934.52
KENYA,MANDERA,ELWAK,2016,Jan/Feb,TIA,.0724999979138374,5.4,740.88
KENYA,MANDERA,CENTRAL MANDERA,2016,Jan/Feb,TIA,.0824013650417328,3.8,521.35999
KENYA,WAJIR,ELDAS,2016,Jan/Feb,TIA,.0619054287672043,121,16601.201
KENYA,ISIOLO,KINNA,2016,Jan/Feb,TIA,.0944037437438965,21.9,3004.6799
KENYA,ISIOLO,SERICHO,2016,Jan/Feb,TIA,.0560000017285347,1,137.2
KENYA,TURKANA,TURKANA CENTRAL,2016,Jan/Feb,APA,.179,6.1,836.91998
KENYA,MARSABIT,GADAMOJI,2016,Jan/Feb,APA,.1106,34.3,4705.96
KENYA,MARSABIT,LAISAMIS,2016,Jan/Feb,APA,.0887,7.4,1015.28
KENYA,TURKANA,KAPEDO,2016,Jan/Feb,APA,.089,12.3,1687.5601
KENYA,TURKANA,LETEA,2016,Jan/Feb,APA,.208,11.2,1536.64
KENYA,TURKANA,TURKWEL,2016,Jan/Feb,APA,.143,3.5,480.20001
KENYA,TURKANA,KALAPAT PLAINS,2016,Jan/Feb,APA,.128,2.8,384.16
KENYA,TURKANA,KATILU,2016,Jan/Feb,APA,.126,2.2,301.84
KENYA,TURKANA,KIBISH,2016,Jan/Feb,APA,.157,17.3,2373.5601
KENYA,ISIOLO,OLDONYIRO,2016,Jan/Feb,APA,.0889,473.6,64977.922
KENYA,MOYALE,OBBU,2016,Jan/Feb,APA,.0899,7.1,974.12
KENYA,ISIOLO,MERTI,2016,Jan/Feb,APA,.0548,6,823.20001
KENYA,MOYALE,CENTRAL MOYALE,2016,Jan/Feb,APA,.0824,10,1372
KENYA,TURKANA,LOIMA,2016,Jan/Feb,APA,.143,40.2,5515.4399
KENYA,TURKANA,NANAAM,2016,Jan/Feb,APA,.159,15.8,2167.76
KENYA,ISIOLO,CENTRAL ISIOLO,2016,Jan/Feb,APA,.0931,320,43904
ETHIOPIA,BORANA,GARACHA TULA DHAS,2016,Jan/Feb,OIC,.0893,5.099999904632568,897
ETHIOPIA,BORANA,MALBE YABELLO,2016,Jan/Feb,OIC,.0863,28.89999961853027,6187
ETHIOPIA,BORANA,GOLBA ARERO,2016,Jan/Feb,OIC,.1103,7.800000190734863,1794
ETHIOPIA,BORANA,BADA ARERO,2016,Jan/Feb,OIC,.11,16.20000076293945,2990
ETHIOPIA,BORANA,GAMOJI MELKA SODA,2016,Jan/Feb,OIC,.096,18,2760
ETHIOPIA,BORANA,MATA WAYAMA DHAS,2016,Jan/Feb,OIC,.0822,2.5,575
ETHIOPIA,BORANA,DUGDA DAWA,2016,Jan/Feb,OIC,.0871,9,2070
ETHIOPIA,BORANA,GARACHA DIRE,2016,Jan/Feb,OIC,.0786,67.5,11385
ETHIOPIA,BORANA,MALBE TELTELE,2016,Jan/Feb,OIC,.0756,9,2070
ETHIOPIA,BORANA,MIYO,2016,Jan/Feb,OIC,.0878,106.3000030517578,15801
ETHIOPIA,BORANA,MOYALE,2016,Jan/Feb,OIC,.081,43.40000152587891,7222
ETHIOPIA,BORANA,GOMOLE,2016,Jan/Feb,OIC,.0828,37.29999923706055,6371
ETHIOPIA,BORANA,MALBE DILLO,2016,Jan/Feb,OIC,.0736,9.199999809265137,2116
ETHIOPIA,BORANA,GARA MEGA,2016,Jan/Feb,OIC,.0971,4.199999809265137,690
ETHIOPIA,BORANA,GAMOJI DUGDA DAWA,2016,Jan/Feb,OIC,.0727,14.30000019073486,2369
ETHIOPIA,BORANA,QAQALO MOYALE,2016,Jan/Feb,OIC,.0878,32.79999923706055,5060
KENYA,MARSABIT,NORTH HORR,2016,Aug/Sep,TIA,.0560013689100742,16.9,2318.6799
KENYA,MARSABIT,NORTH HORR,2016,Aug/Sep,APA,.17,99.40000000000001,13637.68
KENYA,MARSABIT,DUKANA,2016,Aug/Sep,APA,.15,38,5213.6001
KENYA,MARSABIT,MAIKONA,2016,Aug/Sep,TIA,.0849839746952057,10.1,1385.72
KENYA,MARSABIT,TURBI,2016,Aug/Sep,TIA,.0787114277482033,20,2744
KENYA,MARSABIT,MAIKONA,2016,Aug/Sep,APA,.14,1.7,233.24001
KENYA,MARSABIT,KARGI,2016,Aug/Sep,TIA,.0840400606393814,24.5,3361.4001
KENYA,MARSABIT,LOIYANGALANI,2016,Aug/Sep,TIA,.0801096931099892,7.600000000000001,1042.72
KENYA,MARSABIT,MT KULAL,2016,Aug/Sep,TIA,.104285717010498,.5,68.599998
KENYA,MARSABIT,KARGI,2016,Aug/Sep,APA,.14,20.3,2785.1599
KENYA,MOYALE,GOLBO_KE,2016,Aug/Sep,TIA,.0969005078077316,6.4,878.08002
KENYA,WAJIR,DIFF,2016,Aug/Sep,TIA,.0860000029206276,10,1372
KENYA,GARISSA,IJARA,2016,Aug/Sep,TIA,.0764774456620216,7.699999999999999,1056.4401
KENYA,WAJIR,TARBAJ,2016,Aug/Sep,TIA,.0889504998922348,63.70000000000001,8739.6396
KENYA,GARISSA,LIBOI,2016,Aug/Sep,TIA,.095238097012043,.6000000000000001,82.32
KENYA,WAJIR,WAJIR-BOR,2016,Aug/Sep,TIA,.0889084935188293,166.2,22802.641
KENYA,WAJIR,CENTRAL WAJIR,2016,Aug/Sep,TIA,.077583335340023,4,548.79999
KENYA,MOYALE,URAN,2016,Aug/Sep,TIA,.0961737558245659,20.2,2771.4399
KENYA,MANDERA,WARGADUD,2016,Aug/Sep,TIA,.0682127475738525,13.8,1893.36
KENYA,GARISSA,BALAMBALA,2016,Aug/Sep,TIA,.0803571417927742,1.8,246.96001
KENYA,GARISSA,MODOGASHE,2016,Aug/Sep,TIA,.061786413192749,7.500000000000003,1029
KENYA,GARISSA,DADAAB,2016,Aug/Sep,TIA,.0703968480229378,301.1999999999998,41324.641
KENYA,MANDERA,LAFEY,2016,Aug/Sep,TIA,.0747973769903183,6.9,946.67999
KENYA,GARISSA,CENTRAL GARISSA,2016,Aug/Sep,TIA,.0685339421033859,30.6,4198.3198
KENYA,WAJIR,HADADO,2016,Aug/Sep,TIA,.0352083332836628,6.5,891.79999
KENYA,TANA RIVER,MASACHE,2016,Aug/Sep,TIA,.0811071395874023,2,274.39999
KENYA,ISIOLO,SERICHO,2016,Aug/Sep,TIA,.056001354008913,11.3,1550.36
KENYA,TANA RIVER,GARSEN NORTH,2016,Aug/Sep,TIA,.1121428534388542,.8,109.76
KENYA,TANA RIVER,KIPAO,2016,Aug/Sep,TIA,.0985770523548126,103.2,14159.04
KENYA,TANA RIVER,GALOLE WEST,2016,Aug/Sep,TIA,.1257136613130569,40.20000000000001,5515.4399
KENYA,TANA RIVER,BANGAHIRI,2016,Aug/Sep,TIA,.0797238051891327,5.3,727.16003
KENYA,WAJIR,GRIFTU,2016,Aug/Sep,TIA,.0372,1,137.2
KENYA,GARISSA,BURA GARISSA,2016,Aug/Sep,TIA,.0942899584770203,101.1,13870.92
KENYA,MARSABIT,LAISAMIS,2016,Aug/Sep,TIA,.0886721760034561,11,1509.2001
KENYA,ISIOLO,CENTRAL ISIOLO,2016,Aug/Sep,TIA,.0930915549397469,13.3,1824.76
KENYA,GARISSA,SANKURI,2016,Aug/Sep,TIA,.0804088041186333,17.09999999999999,2346.1201
KENYA,ISIOLO,GARBA TULLA,2016,Aug/Sep,TIA,.087215855717659,10.8,1481.76
KENYA,ISIOLO,MERTI,2016,Aug/Sep,TIA,.0547908134758472,64.10000000000001,8794.5205
KENYA,WAJIR,BUTE,2016,Aug/Sep,TIA,.0807,.4,54.880001
KENYA,ISIOLO,OLDONYIRO,2016,Aug/Sep,TIA,.0888675451278687,74.49999999999999,10221.4
KENYA,MANDERA,TAKABA,2016,Aug/Sep,TIA,.0872831121087074,5.1,699.72003
KENYA,GARISSA,HULUGHO,2016,Aug/Sep,TIA,.0757142826914787,1.4,192.08
KENYA,MANDERA,ELWAK,2016,Aug/Sep,TIA,.0724999979138374,216.2000000000001,29662.641
KENYA,ISIOLO,KINNA,2016,Aug/Sep,TIA,.09441077709198,16.9,2318.6799
KENYA,MOYALE,OBBU,2016,Aug/Sep,TIA,.0899354368448257,38.09999999999999,5227.3198
KENYA,GARISSA,JARAJILA,2016,Aug/Sep,TIA,.0892112553119659,243.5000000000004,33408.199
KENYA,MOYALE,CENTRAL MOYALE,2016,Aug/Sep,TIA,.0824232250452042,33.4,4582.48
KENYA,TANA RIVER,CHEWANI,2016,Aug/Sep,TIA,.1211428567767143,.5,68.599998
KENYA,WAJIR,ELDAS,2016,Aug/Sep,TIA,.0619142837822437,15.5,2126.6001
KENYA,GARISSA,SANGAILU,2016,Aug/Sep,TIA,.0892857164144516,1.5,205.8
KENYA,GARISSA,MASALANI,2016,Aug/Sep,TIA,.0837857127189636,5,686
KENYA,MARSABIT,LAISAMIS,2016,Aug/Sep,APA,.14,5.9,809.47998
KENYA,ISIOLO,CENTRAL ISIOLO,2016,Aug/Sep,APA,.18,182,24970.4
KENYA,MARSABIT,GADAMOJI,2016,Aug/Sep,APA,.14,30,4116
KENYA,MOYALE,URAN,2016,Aug/Sep,APA,.14,1,137.2
ETHIOPIA,BORANA,GARACHA TULA DHAS,2016,Aug/Sep,OIC,.0893,19.39999961853027,2898
ETHIOPIA,BORANA,GARA MEGA,2016,Aug/Sep,OIC,.0971,16,2760
ETHIOPIA,BORANA,BADA HIDDI,2016,Aug/Sep,OIC,.1026,24,3312
ETHIOPIA,BORANA,GAMOJI MELKA SODA,2016,Aug/Sep,OIC,.096,12.19999980926514,1978
ETHIOPIA,BORANA,MALBE YABELLO,2016,Aug/Sep,OIC,.0863,18.89999961853027,3243
ETHIOPIA,BORANA,QAQALO MOYALE,2016,Aug/Sep,OIC,.0878,234.3000030517578,34385
ETHIOPIA,BORANA,GARACHA DIRE,2016,Aug/Sep,OIC,.0786,12.30000019073486,2093
ETHIOPIA,BORANA,GAMOJI DUGDA DAWA,2016,Aug/Sep,OIC,.0727,4.599999904632568,874
ETHIOPIA,BORANA,DUGDA DAWA,2016,Aug/Sep,OIC,.0871,10.60000038146973,1886
ETHIOPIA,BORANA,GOMOLE,2016,Aug/Sep,OIC,.0828,43.09999847412109,6785
ETHIOPIA,BORANA,MOYALE,2016,Aug/Sep,OIC,.081,306,47012
ETHIOPIA,BORANA,MALBE DILLO,2016,Aug/Sep,OIC,.0736,14.19999980926514,2530
ETHIOPIA,BORANA,MIYO,2016,Aug/Sep,OIC,.0878,133.6000061035156,19320
ETHIOPIA,BORANA,GOLBO DIRE,2016,Aug/Sep,OIC,.0792,11.19999980926514,2024
ETHIOPIA,BORANA,MALBE TELTELE,2016,Aug/Sep,OIC,.0756,5.199999809265137,1012
KENYA,MARSABIT,NORTH HORR,2017,Jan/Feb,TIA,.0563966110348701,149.3,20274.941
KENYA,MARSABIT,NORTH HORR,2017,Jan/Feb,APA,.17,261.5,35511.699
KENYA,MARSABIT,MAIKONA,2017,Jan/Feb,TIA,.0789153501391411,12.1,1643.1801
KENYA,MARSABIT,TURBI,2017,Jan/Feb,TIA,.0787080749869347,23.5,3191.3
KENYA,MARSABIT,KARGI,2017,Jan/Feb,TIA,.0878508910536766,30.80000000000003,4182.6401
KENYA,MARSABIT,LOIYANGALANI,2017,Jan/Feb,TIA,.0800145789980888,2.4,325.92001
KENYA,MARSABIT,MT KULAL,2017,Jan/Feb,TIA,.104285717010498,1.7,230.86
KENYA,MARSABIT,KARGI,2017,Jan/Feb,APA,.14,25.4,3449.3201
KENYA,WAJIR,CENTRAL WAJIR,2017,Jan/Feb,TIA,.0775821432471275,7.4,1004.92
KENYA,GARISSA,BURA GARISSA,2017,Jan/Feb,TIA,.0942912325263023,155.9000000000001,21171.221
KENYA,TANA RIVER,GALOLE WEST,2017,Jan/Feb,TIA,.1261844038963318,276.6,37562.281
KENYA,GARISSA,BENANE,2017,Jan/Feb,TIA,.0734999999403954,.7,95.060005
KENYA,ISIOLO,OLDONYIRO,2017,Jan/Feb,TIA,.0889051482081413,276.8000000000001,37589.441
KENYA,MARSABIT,LAISAMIS,2017,Jan/Feb,TIA,.0886661112308502,64.80000000000001,8799.8398
KENYA,TANA RIVER,MASACHE,2017,Jan/Feb,TIA,.0810995548963547,53.3,7238.1401
KENYA,GARISSA,IJARA,2017,Jan/Feb,TIA,.0764675289392471,4,543.20001
KENYA,ISIOLO,SERICHO,2017,Jan/Feb,TIA,.0560034029185772,24.1,3272.78
KENYA,ISIOLO,KINNA,2017,Jan/Feb,TIA,.0944031774997711,7.4,1004.92
KENYA,GARISSA,JARAJILA,2017,Jan/Feb,TIA,.0887244939804077,26.4,3585.1201
KENYA,ISIOLO,GARBA TULLA,2017,Jan/Feb,TIA,.0871821418404579,11,1493.8
KENYA,WAJIR,WAJIR-BOR,2017,Jan/Feb,TIA,.0889232158660889,16.8,2281.4402
KENYA,MANDERA,LAFEY,2017,Jan/Feb,TIA,.0747865661978722,17.8,2417.24
KENYA,ISIOLO,MERTI,2017,Jan/Feb,TIA,.0548034161329269,26.2,3557.9602
KENYA,MOYALE,URAN,2017,Jan/Feb,TIA,.096208930015564,14,1901.2001
KENYA,WAJIR,BUNA,2017,Jan/Feb,TIA,.0865716710686684,16.7,2267.8601
KENYA,MOYALE,GOLBO_KE,2017,Jan/Feb,TIA,.0968989729881287,70.10000000000002,9519.5801
KENYA,WAJIR,ELDAS,2017,Jan/Feb,TIA,.0618993490934372,17.8,2417.24
KENYA,ISIOLO,CENTRAL ISIOLO,2017,Jan/Feb,TIA,.0931311249732971,17.5,2376.5
KENYA,TANA RIVER,CHEWANI,2017,Jan/Feb,TIA,.1211855933070183,25.9,3517.2202
KENYA,MOYALE,CENTRAL MOYALE,2017,Jan/Feb,TIA,.0824244096875191,21.7,2946.8601
KENYA,WAJIR,TARBAJ,2017,Jan/Feb,TIA,.0889696106314659,34.4,4671.52
KENYA,GARISSA,DADAAB,2017,Jan/Feb,TIA,.0703957080841064,35.89999999999999,4875.2202
KENYA,WAJIR,HABASWEIN,2017,Jan/Feb,TIA,.0919974446296692,35.9,4875.2202
KENYA,GARISSA,BALAMBALA,2017,Jan/Feb,TIA,.0801783055067062,24.4,3313.52
KENYA,WAJIR,HADADO,2017,Jan/Feb,TIA,.0352122262120247,25,3395
KENYA,GARISSA,CENTRAL GARISSA,2017,Jan/Feb,TIA,.0684999972581863,3,407.40002
KENYA,TANA RIVER,BANGAHIRI,2017,Jan/Feb,TIA,.0797272697091103,21,2851.8
KENYA,WAJIR,DIFF,2017,Jan/Feb,TIA,.0859948992729187,5.6,760.48004
KENYA,MOYALE,OBBU,2017,Jan/Feb,TIA,.0899233594536781,38.39999999999999,5214.7202
KENYA,TANA RIVER,KIPAO,2017,Jan/Feb,TIA,.0985815450549126,340.1000000000001,46185.582
ETHIOPIA,BORANA,MALBE YABELLO,2017,Jan/Feb,OIC,.0863,110.6999969482422,17178.5
ETHIOPIA,BORANA,DUGDA DAWA,2017,Jan/Feb,OIC,.0871,15.60000038146973,2322
ETHIOPIA,BORANA,MALBE DILLO,2017,Jan/Feb,OIC,.0736,6.300000190734863,1096.5
ETHIOPIA,BORANA,GARACHA DIRE,2017,Jan/Feb,OIC,.0786,119.3000030517578,17135.5
ETHIOPIA,BORANA,GAMOJI DUGDA DAWA,2017,Jan/Feb,OIC,.0727,15.19999980926514,2408
ETHIOPIA,BORANA,GOMOLE,2017,Jan/Feb,OIC,.0828,81.19999694824219,11696
ETHIOPIA,BORANA,MALBE TELTELE,2017,Jan/Feb,OIC,.0756,20.79999923706055,3182
ETHIOPIA,BORANA,BADA ARERO,2017,Jan/Feb,OIC,.11,31.20000076293945,4558
ETHIOPIA,BORANA,QAQALO MOYALE,2017,Jan/Feb,OIC,.0878,806.2000122070313,109005
ETHIOPIA,BORANA,GARA MEGA,2017,Jan/Feb,OIC,.0971,2.5,451.50003
ETHIOPIA,BORANA,MOYALE,2017,Jan/Feb,OIC,.081,1017.299987792969,142609.5
ETHIOPIA,BORANA,GARACHA TULA DHAS,2017,Jan/Feb,OIC,.0893,7,1161
ETHIOPIA,BORANA,GAMOJI MELKA SODA,2017,Jan/Feb,OIC,.096,29.70000076293945,4321.5
ETHIOPIA,BORANA,MIYO,2017,Jan/Feb,OIC,.0878,603,82259
ETHIOPIA,BORANA,GOLBO DIRE,2017,Jan/Feb,OIC,.0792,2.799999952316284,602
ETHIOPIA,BORANA,BADA HIDDI,2017,Jan/Feb,OIC,.1026,37,4773
KENYA,MARSABIT,NORTH HORR,2017,Aug/Sep,TIA,.0560391135513783,1612.900000000003,219031.83
KENYA,MARSABIT,DUKANA,2017,Aug/Sep,TIA,.062896192073822,86.20000000000002,11705.96
KENYA,MARSABIT,TURBI,2017,Aug/Sep,TIA,.0787141472101212,34.2,4644.3604
KENYA,MARSABIT,MAIKONA,2017,Aug/Sep,TIA,.0789121612906456,12.2,1656.76
KENYA,MARSABIT,LOIYANGALANI,2017,Aug/Sep,TIA,.0800119042396545,3.899999999999999,529.62
KENYA,MARSABIT,KARGI,2017,Aug/Sep,TIA,.0840050652623177,62.50000000000001,8487.5
KENYA,WAJIR,HADADO,2017,Aug/Sep,TIA,.0352085717022419,26.6,3612.28
KENYA,ISIOLO,CENTRAL ISIOLO,2017,Aug/Sep,TIA,.0931011512875557,24.5,3327.1001
KENYA,ISIOLO,OLDONYIRO,2017,Aug/Sep,TIA,.0889031067490578,623.3999999999996,84657.719
KENYA,MOYALE,GOLBO_KE,2017,Aug/Sep,TIA,.0968874990940094,20.5,2783.9001
KENYA,MOYALE,OBBU,2017,Aug/Sep,TIA,.0899172723293304,46.4,6301.1201
KENYA,WAJIR,WAJIR-BOR,2017,Aug/Sep,TIA,.0889232158660889,10.9,1480.2201
KENYA,WAJIR,HABASWEIN,2017,Aug/Sep,TIA,.0920136049389839,144.6999999999999,19650.26
KENYA,MANDERA,KHALALIO,2017,Aug/Sep,TIA,.0767224580049515,152.3,20682.34
KENYA,ISIOLO,GARBA TULLA,2017,Aug/Sep,TIA,.0872036218643188,33,4481.3999
KENYA,WAJIR,ELDAS,2017,Aug/Sep,TIA,.0618912354111671,10.5,1425.9
KENYA,WAJIR,TARBAJ,2017,Aug/Sep,TIA,.0889771804213524,32.8,4454.2402
KENYA,MOYALE,CENTRAL MOYALE,2017,Aug/Sep,TIA,.0824075043201447,270.7000000000001,36761.063
KENYA,WAJIR,SEBULE,2017,Aug/Sep,TIA,.1050918325781822,6,814.80005
KENYA,WAJIR,BUNA,2017,Aug/Sep,TIA,.0865907147526741,17.8,2417.24
KENYA,MARSABIT,LAISAMIS,2017,Aug/Sep,TIA,.0886267870664597,19.9,2702.4202
KENYA,MOYALE,URAN,2017,Aug/Sep,TIA,.0962052419781685,98.90000000000001,13430.62
KENYA,TANA RIVER,GALOLE WEST,2017,Aug/Sep,TIA,.1257132738828659,340.2999999999998,46212.742
KENYA,GARISSA,DADAAB,2017,Aug/Sep,TIA,.0703986957669258,583.5999999999982,79252.883
KENYA,MANDERA,CENTRAL MANDERA,2017,Aug/Sep,TIA,.0823983550071716,6.1,828.38
KENYA,TANA RIVER,BANGAHIRI,2017,Aug/Sep,TIA,.0797000005841255,5,679
KENYA,WAJIR,DIFF,2017,Aug/Sep,TIA,.0860000029206276,21,2851.8
KENYA,MARSABIT,CENTRAL MARSABIT,2017,Aug/Sep,TIA,.1111381500959396,6.700000000000001,909.86005
KENYA,GARISSA,MASALANI,2017,Aug/Sep,TIA,.0838095247745514,6.5,882.70001
KENYA,MANDERA,LAFEY,2017,Aug/Sep,TIA,.0747857168316841,12,1629.6001
KENYA,TANA RIVER,KIPAO,2017,Aug/Sep,TIA,.0985874757170677,119,16160.2
KENYA,ISIOLO,KINNA,2017,Aug/Sep,TIA,.0943963080644608,28.3,3843.1401
KENYA,TANA RIVER,GARSEN NORTH,2017,Aug/Sep,TIA,.1121747940778732,48.80000000000001,6627.04
KENYA,MANDERA,ELWAK,2017,Aug/Sep,TIA,.0724999979138374,3.4,461.72
KENYA,ISIOLO,SERICHO,2017,Aug/Sep,TIA,.056001141667366,128.5,17450.301
KENYA,ISIOLO,MERTI,2017,Aug/Sep,TIA,.0547903552651405,264.7,35946.262
KENYA,ISIOLO,OLDONYIRO,2017,Aug/Sep,APA,.17,591.7,80352.859
ETHIOPIA,BORANA,GARACHA TULA DHAS,2017,Aug/Sep,OIC,.0893,23.5,3762.5002
ETHIOPIA,BORANA,BADA ARERO,2017,Aug/Sep,OIC,.11,41.40000152587891,5977
ETHIOPIA,BORANA,GAMOJI DUGDA DAWA,2017,Aug/Sep,OIC,.0727,65.30000305175781,9911.5
ETHIOPIA,BORANA,MOYALE,2017,Aug/Sep,OIC,.081,2732.39990234375,381066
ETHIOPIA,BORANA,BADA HIDDI,2017,Aug/Sep,OIC,.1026,65,8385
ETHIOPIA,BORANA,GAMOJI MELKA SODA,2017,Aug/Sep,OIC,.096,230,32164.002
ETHIOPIA,BORANA,MALBE YABELLO,2017,Aug/Sep,OIC,.0863,552.2999877929688,78754.5
ETHIOPIA,BORANA,MALBE DILLO,2017,Aug/Sep,OIC,.0736,95.80000305175781,14749.001
ETHIOPIA,BORANA,GOMOLE,2017,Aug/Sep,OIC,.0828,173.3000030517578,24961.5
ETHIOPIA,BORANA,QAQALO MOYALE,2017,Aug/Sep,OIC,.0878,2475.39990234375,335787
ETHIOPIA,BORANA,MIYO,2017,Aug/Sep,OIC,.0878,1773.800048828125,240241.02
ETHIOPIA,BORANA,DUGDA DAWA,2017,Aug/Sep,OIC,.0871,44.40000152587891,6622
ETHIOPIA,BORANA,MALBE TELTELE,2017,Aug/Sep,OIC,.0756,30.20000076293945,4257
ETHIOPIA,BORANA,GARACHA DIRE,2017,Aug/Sep,OIC,.0786,568.9000244140625,78281.5
ETHIOPIA,BORANA,GARA MEGA,2017,Aug/Sep,OIC,.0971,24,3784.0002
KENYA,MARSABIT,NORTH HORR,2018,Jan/Feb,TIA,.0560035556554794,205.1000000000001,28139.721
KENYA,MARSABIT,DUKANA,2018,Jan/Feb,TIA,.062877744436264,102.8,14104.16
KENYA,MARSABIT,MAIKONA,2018,Jan/Feb,TIA,.0788919553160667,15.8,2167.76
KENYA,MARSABIT,TURBI,2018,Jan/Feb,TIA,.0787023827433586,12,1646.4
KENYA,MARSABIT,LOIYANGALANI,2018,Jan/Feb,TIA,.0801020413637161,1.4,192.08
KENYA,MARSABIT,KARGI,2018,Jan/Feb,TIA,.0840077549219131,135.7000000000001,18618.041
KENYA,TANA RIVER,MASACHE,2018,Jan/Feb,TIA,.0810969024896622,21.5,2949.8
KENYA,WAJIR,TARBAJ,2018,Jan/Feb,TIA,.0889855697751045,49.4,6777.6802
KENYA,MANDERA,ASHABITO,2018,Jan/Feb,TIA,.0945283845067024,46.8,6420.96
KENYA,SAMBURU,ANGABA,2018,Jan/Feb,TIA,.1054107919335365,675.7,92706.039
KENYA,MANDERA,TAKABA,2018,Jan/Feb,TIA,.0872876718640327,34.8,4774.5601
KENYA,GARISSA,BURA GARISSA,2018,Jan/Feb,TIA,.09428571164608,.8,109.76
KENYA,MANDERA,ELWAK,2018,Jan/Feb,TIA,.0725238099694252,4.699999999999999,644.84003
KENYA,TANA RIVER,KIPAO,2018,Jan/Feb,TIA,.0985854342579842,238.5999999999999,32735.92
KENYA,WAJIR,HADADO,2018,Jan/Feb,TIA,.0352073647081852,115.8,15887.76
KENYA,MOYALE,OBBU,2018,Jan/Feb,TIA,.0899246037006378,8.800000000000001,1207.36
KENYA,MOYALE,GOLBO_KE,2018,Jan/Feb,TIA,.096921905875206,21.4,2936.0801
KENYA,SAMBURU,ELBANA,2018,Jan/Feb,TIA,.1270023435354233,171.6,23543.52
KENYA,WAJIR,ELDAS,2018,Jan/Feb,TIA,.0618961378931999,11.1,1522.92
KENYA,ISIOLO,GARBA TULLA,2018,Jan/Feb,TIA,.0872117355465889,9.800000000000001,1344.5601
KENYA,GARISSA,BALAMBALA,2018,Jan/Feb,TIA,.0802222192287445,2.8,384.16
KENYA,GARISSA,JARAJILA,2018,Jan/Feb,TIA,.0886809527873993,18.2,2497.04
KENYA,WAJIR,HABASWEIN,2018,Jan/Feb,TIA,.0920204520225525,74.50000000000004,10221.4
KENYA,SAMBURU,WAMBA WEST,2018,Jan/Feb,TIA,.136000007390976,153.3,21032.76
KENYA,GARISSA,CENTRAL GARISSA,2018,Jan/Feb,TIA,.0685390383005142,138.8,19043.359
KENYA,ISIOLO,OLDONYIRO,2018,Jan/Feb,TIA,.0889051705598831,932.5999999999999,127952.72
KENYA,SAMBURU,NDOTO,2018,Jan/Feb,TIA,.1309942603111267,511.5000000000003,70177.805
KENYA,WAJIR,SEBULE,2018,Jan/Feb,TIA,.1050946265459061,28.4,3896.48
KENYA,ISIOLO,KINNA,2018,Jan/Feb,TIA,.094998762011528,383.5,52616.199
KENYA,WAJIR,BUNA,2018,Jan/Feb,TIA,.0865865871310234,20.7,2840.04
KENYA,WAJIR,DIFF,2018,Jan/Feb,TIA,.0859974548220634,87.59999999999999,12018.72
KENYA,GARISSA,MASALANI,2018,Jan/Feb,TIA,.0872617661952972,18,2469.6001
KENYA,SAMBURU,WASO,2018,Jan/Feb,TIA,.1359969675540924,15.6,2140.3201
KENYA,ISIOLO,CENTRAL ISIOLO,2018,Jan/Feb,TIA,.0930929929018021,20,2744
KENYA,ISIOLO,MERTI,2018,Jan/Feb,TIA,.0547921173274517,909.7999999999996,124824.56
KENYA,MANDERA,KHALALIO,2018,Jan/Feb,TIA,.0767142847180367,3,411.60001
KENYA,MARSABIT,LAISAMIS,2018,Jan/Feb,TIA,.0886974036693573,55.39999999999999,7600.8799
KENYA,MOYALE,URAN,2018,Jan/Feb,TIA,.0962108969688416,83.5,11456.2
KENYA,GARISSA,DADAAB,2018,Jan/Feb,TIA,.0711151883006096,497.5999999999999,68270.719
KENYA,WAJIR,WAJIR-BOR,2018,Jan/Feb,TIA,.0889112204313278,22.2,3045.8401
KENYA,TANA RIVER,BANGAHIRI,2018,Jan/Feb,TIA,.0797427222132683,9.500000000000002,1303.4
KENYA,MANDERA,RHAMU DIMTU,2018,Jan/Feb,TIA,.1035465374588966,22.1,3032.1201
KENYA,SAMBURU,WAMBA,2018,Jan/Feb,TIA,.1340100318193436,39.9,5474.2803
KENYA,ISIOLO,SERICHO,2018,Jan/Feb,TIA,.0559967868030071,172.8999999999999,23721.881
KENYA,TANA RIVER,GALOLE WEST,2018,Jan/Feb,TIA,.1257119327783585,74.19999999999999,10180.24
KENYA,MOYALE,CENTRAL MOYALE,2018,Jan/Feb,TIA,.0824075639247894,63.69999999999999,8739.6396
KENYA,MANDERA,LAFEY,2018,Jan/Feb,TIA,.0747823119163513,6.6,905.52002
ETHIOPIA,BORANA,MALBE YABELLO,2018,Jan/Feb,OIC,.0992,121.9000015258789,15389.999
ETHIOPIA,BORANA,BADA ARERO,2018,Jan/Feb,OIC,.1265,55.79999923706055,6803.9995
ETHIOPIA,BORANA,GAMOJI MELKA SODA,2018,Jan/Feb,OIC,.1104,97.5,12437.999
ETHIOPIA,BORANA,GARACHA DIRE,2018,Jan/Feb,OIC,.0904,661.9000244140625,79398
ETHIOPIA,BORANA,MOYALE,2018,Jan/Feb,OIC,.0932,1860.199951171875,213659.98
ETHIOPIA,BORANA,BADA YABELLO,2018,Jan/Feb,OIC,.1029,51.09999847412109,5598
ETHIOPIA,BORANA,GARA MEGA,2018,Jan/Feb,OIC,.1117,107.9000015258789,13661.999
ETHIOPIA,BORANA,GOMOLE,2018,Jan/Feb,OIC,.0952,111.0999984741211,14453.999
ETHIOPIA,BORANA,GARACHA TULA DHAS,2018,Jan/Feb,OIC,.1027,11.19999980926514,1511.9999
ETHIOPIA,BORANA,MIYO,2018,Jan/Feb,OIC,.101,710.2999877929688,81054
ETHIOPIA,BORANA,DUGDA DAWA,2018,Jan/Feb,OIC,.1002,11.89999961853027,1350
ETHIOPIA,BORANA,GAMOJI DUGDA DAWA,2018,Jan/Feb,OIC,.0836,10.80000019073486,1583.9999
ETHIOPIA,BORANA,QAQALO MOYALE,2018,Jan/Feb,OIC,.101,440.7000122070313,48509.996
KENYA,MARSABIT,NORTH HORR,2018,Aug/Sep,TIA,.0560043454170227,14.8,2030.5601
KENYA,MARSABIT,DUKANA,2018,Aug/Sep,TIA,.0628571435809135,.2,27.440001
KENYA,MARSABIT,MAIKONA,2018,Aug/Sep,TIA,.0787129625678062,3.2,439.04001
KENYA,MARSABIT,KARGI,2018,Aug/Sep,TIA,.0839989185333252,7.800000000000001,1070.16
KENYA,MARSABIT,LOIYANGALANI,2018,Aug/Sep,TIA,.0801,1.5,205.8
KENYA,SAMBURU,NDOTO,2018,Aug/Sep,TIA,.1308886557817459,51.20000000000002,7024.6401
KENYA,WAJIR,HABASWEIN,2018,Aug/Sep,TIA,.0920094177126884,145.9,20017.48
KENYA,WAJIR,ELDAS,2018,Aug/Sep,TIA,.0619098879396915,15.7,2154.04
KENYA,SAMBURU,WAMBA,2018,Aug/Sep,TIA,.1340657472610474,16.2,2222.6401
KENYA,ISIOLO,KINNA,2018,Aug/Sep,TIA,.0943867787718773,92.69999999999999,12718.44
KENYA,MANDERA,KHALALIO,2018,Aug/Sep,TIA,.0767136663198471,8,1097.6
KENYA,WAJIR,DIFF,2018,Aug/Sep,TIA,.0860000029206276,18,2469.6001
KENYA,GARISSA,CENTRAL GARISSA,2018,Aug/Sep,TIA,.0685234740376472,147.5,20237
KENYA,SAMBURU,ELBANA,2018,Aug/Sep,TIA,.1270047724246979,7.1,974.12
KENYA,GARISSA,BALAMBALA,2018,Aug/Sep,TIA,.0807990729808807,127.3000000000001,17465.561
KENYA,GARISSA,DANYERE,2018,Aug/Sep,TIA,.089485801756382,15.00000000000001,2058
KENYA,WAJIR,TARBAJ,2018,Aug/Sep,TIA,.0889811888337135,68.19999999999997,9357.04
KENYA,MANDERA,ASHABITO,2018,Aug/Sep,TIA,.09454545378685,2.9,397.88
KENYA,TANA RIVER,BANGAHIRI,2018,Aug/Sep,TIA,.0799615755677223,9.499999999999998,1303.4
KENYA,ISIOLO,MERTI,2018,Aug/Sep,TIA,.0547890849411488,849.6999999999985,116578.84
KENYA,WAJIR,BUNA,2018,Aug/Sep,TIA,.0865928530693054,9.800000000000001,1344.5601
KENYA,TURKANA,TURKWEL,2018,Aug/Sep,TIA,.1351756602525711,607.9000000000007,83403.883
KENYA,TANA RIVER,KIPAO,2018,Aug/Sep,TIA,.0985873341560364,23.8,3265.3601
KENYA,ISIOLO,OLDONYIRO,2018,Aug/Sep,TIA,.0888831838965416,49.6,6805.1201
KENYA,MANDERA,RHAMU DIMTU,2018,Aug/Sep,TIA,.1035372838377953,22.7,3114.4399
KENYA,WAJIR,WAJIR-BOR,2018,Aug/Sep,TIA,.0889007896184921,15,2058
KENYA,WAJIR,HADADO,2018,Aug/Sep,TIA,.0352103225886822,90,12348
KENYA,SAMBURU,NYIRO,2018,Aug/Sep,TIA,.1229681149125099,188.7999999999999,25903.359
KENYA,MOYALE,CENTRAL MOYALE,2018,Aug/Sep,TIA,.0824156254529953,23,3155.6001
KENYA,GARISSA,BURA GARISSA,2018,Aug/Sep,TIA,.09428571164608,28.49999999999999,3910.2
KENYA,GARISSA,MODOGASHE,2018,Aug/Sep,TIA,.0618072710931301,91.60000000000004,12567.521
KENYA,TANA RIVER,MASACHE,2018,Aug/Sep,TIA,.0814285725355148,.8999999999999999,123.48
KENYA,MOYALE,URAN,2018,Aug/Sep,TIA,.0962079092860222,34,4664.8003
KENYA,MOYALE,GOLBO_KE,2018,Aug/Sep,TIA,.0969,18.2,2497.04
KENYA,WAJIR,BUTE,2018,Aug/Sep,TIA,.0807142853736877,8.5,1166.2001
KENYA,MANDERA,LAFEY,2018,Aug/Sep,TIA,.0747865661978722,37,5076.3999
KENYA,SAMBURU,WAMBA WEST,2018,Aug/Sep,TIA,.1360029280185699,14.9,2044.28
KENYA,GARISSA,DADAAB,2018,Aug/Sep,TIA,.0704205557703972,160.5,22020.6
KENYA,ISIOLO,GARBA TULLA,2018,Aug/Sep,TIA,.0872151330113411,11.7,1605.24
KENYA,MARSABIT,LAISAMIS,2018,Aug/Sep,TIA,.088651567697525,30.8,4225.7603
KENYA,GARISSA,BENANE,2018,Aug/Sep,TIA,.0734,1,137.2
KENYA,MANDERA,ELWAK,2018,Aug/Sep,TIA,.0725123435258865,8.4,1152.48
KENYA,MANDERA,TAKABA,2018,Aug/Sep,TIA,.0872903615236282,23.9,3279.0801
KENYA,MOYALE,OBBU,2018,Aug/Sep,TIA,.0899131000041962,15.2,2085.4399
KENYA,ISIOLO,CENTRAL ISIOLO,2018,Aug/Sep,TIA,.0931250005960464,.8,109.76
KENYA,TANA RIVER,GALOLE WEST,2018,Aug/Sep,TIA,.1257137209177017,57.09999999999999,7834.1201
KENYA,ISIOLO,SERICHO,2018,Aug/Sep,TIA,.0559977367520332,65.90000000000001,9041.4805
KENYA,SAMBURU,ANGABA,2018,Aug/Sep,TIA,.1049999967217445,17.5,2401
ETHIOPIA,BORANA,DUGDA DAWA,2018,Aug/Sep,OIC,.1002,33,3851.9998
ETHIOPIA,BORANA,MOYALE,2018,Aug/Sep,OIC,.0932,408,48887.996
ETHIOPIA,BORANA,GOMOLE,2018,Aug/Sep,OIC,.0952,67.30000305175781,8081.9995
ETHIOPIA,BORANA,GARACHA TULA DHAS,2018,Aug/Sep,OIC,.1027,49.29999923706055,5418
ETHIOPIA,BORANA,GAMOJI MELKA SODA,2018,Aug/Sep,OIC,.1104,60.59999847412109,7739.9995
ETHIOPIA,BORANA,GANDA QONAN BULA TELTELE,2018,Aug/Sep,OIC,.1103,31.60000038146973,3527.9998
ETHIOPIA,BORANA,GARA MEGA,2018,Aug/Sep,OIC,.1117,49.29999923706055,5849.9995
ETHIOPIA,BORANA,GARACHA DIRE,2018,Aug/Sep,OIC,.0904,187.3999938964844,22068
ETHIOPIA,BORANA,MIYO,2018,Aug/Sep,OIC,.101,1086.400024414063,124415.99
ETHIOPIA,BORANA,GOLBO DIRE,2018,Aug/Sep,OIC,.0911,12,1439.9999
ETHIOPIA,BORANA,QAQALO MOYALE,2018,Aug/Sep,OIC,.101,198.3000030517578,21654
ETHIOPIA,BORANA,MIRGA ARERO,2018,Aug/Sep,OIC,.1278,2.400000095367432,431.99997
ETHIOPIA,BORANA,GAMOJI DUGDA DAWA,2018,Aug/Sep,OIC,.0836,36.20000076293945,4644
ETHIOPIA,BORANA,MATA WAYAMA DHAS,2018,Aug/Sep,OIC,.0945,20.79999923706055,3095.9998
ETHIOPIA,BORANA,BADA YABELLO,2018,Aug/Sep,OIC,.1029,3.799999952316284,467.99997
ETHIOPIA,BORANA,MALBE YABELLO,2018,Aug/Sep,OIC,.0992,67.80000305175781,8316
KENYA,MARSABIT,DUKANA,2019,Jan/Feb,TIA,.062887117266655,11.9,1616.02
KENYA,MARSABIT,NORTH HORR,2019,Jan/Feb,TIA,.0559994280338287,29.8,4046.8401
KENYA,MARSABIT,MAIKONA,2019,Jan/Feb,TIA,.0789000019431114,5.7,774.06
KENYA,MARSABIT,TURBI,2019,Jan/Feb,TIA,.0787,11,1493.8
KENYA,MARSABIT,LOIYANGALANI,2019,Jan/Feb,TIA,.0801,6.4,869.12
KENYA,MARSABIT,KARGI,2019,Jan/Feb,TIA,.0905353203415871,4.6,624.67999
KENYA,TURKANA,LOIMA,2019,Jan/Feb,TIA,.1220476180315018,1.1,149.38
KENYA,TURKANA,TURKWEL,2019,Jan/Feb,TIA,.1351904720067978,1.5,203.70001
KENYA,ISIOLO,MERTI,2019,Jan/Feb,TIA,.0547940954566002,154.2,20940.361
KENYA,GARISSA,DANYERE,2019,Jan/Feb,TIA,.0985,3.3,448.14001
KENYA,SAMBURU,WASO,2019,Jan/Feb,TIA,.135990709066391,23.7,3218.4602
KENYA,MANDERA,RHAMU,2019,Jan/Feb,TIA,.1024254709482193,106.3,14435.54
KENYA,SAMBURU,ELBANA,2019,Jan/Feb,TIA,.1300991624593735,126,17110.801
KENYA,WAJIR,TARBAJ,2019,Jan/Feb,TIA,.0890000015497208,4,543.20001
KENYA,ISIOLO,OLDONYIRO,2019,Jan/Feb,TIA,.0889,165.7,22502.061
KENYA,GARISSA,BALAMBALA,2019,Jan/Feb,TIA,.080198846757412,25.89999999999999,3517.2202
KENYA,MANDERA,KHALALIO,2019,Jan/Feb,TIA,.0767142847180367,9.5,1290.1001
KENYA,ISIOLO,SERICHO,2019,Jan/Feb,TIA,.0559926442801952,25.2,3422.1602
KENYA,SAMBURU,WAMBA,2019,Jan/Feb,TIA,.1339845508337021,8.199999999999999,1113.5601
KENYA,MOYALE,GOLBO_KE,2019,Jan/Feb,TIA,.0969642847776413,.4,54.32
KENYA,MOYALE,URAN,2019,Jan/Feb,TIA,.0962032973766327,30.5,4141.8999
KENYA,TANA RIVER,BANGAHIRI,2019,Jan/Feb,TIA,.0799621790647507,345.6,46932.48
KENYA,WAJIR,HABASWEIN,2019,Jan/Feb,TIA,.0920004844665527,20.8,2824.6401
KENYA,SAMBURU,ANGABA,2019,Jan/Feb,TIA,.1064189150929451,223.7,30378.461
KENYA,SAMBURU,NDOTO,2019,Jan/Feb,TIA,.1309815496206284,220.8999999999999,29998.221
KENYA,MANDERA,RHAMU DIMTU,2019,Jan/Feb,TIA,.1035336926579475,14.2,1928.3601
KENYA,WAJIR,HADADO,2019,Jan/Feb,TIA,.0352107882499695,21,2851.8
KENYA,GARISSA,BENANE,2019,Jan/Feb,TIA,.0734889805316925,47.90000000000001,6504.8203
KENYA,MANDERA,ASHABITO,2019,Jan/Feb,TIA,.0968586504459381,56.40000000000001,7659.1201
KENYA,GARISSA,BURA GARISSA,2019,Jan/Feb,TIA,.1014714241027832,21.5,2919.7002
KENYA,ISIOLO,CENTRAL ISIOLO,2019,Jan/Feb,TIA,.0931055918335915,2.3,312.34
KENYA,MOYALE,OBBU,2019,Jan/Feb,TIA,.0899034589529037,46,6246.8003
KENYA,SAMBURU,NYIRO,2019,Jan/Feb,TIA,.1229993626475334,113.7,15440.461
KENYA,TANA RIVER,MASACHE,2019,Jan/Feb,TIA,.0811382383108139,271.5999999999999,36883.281
KENYA,WAJIR,BUNA,2019,Jan/Feb,TIA,.0866006910800934,16.6,2254.28
KENYA,WAJIR,ELDAS,2019,Jan/Feb,TIA,.0618839263916016,5,679
KENYA,MANDERA,LAFEY,2019,Jan/Feb,TIA,.0747857168316841,6,814.80005
KENYA,WAJIR,DIFF,2019,Jan/Feb,TIA,.0860000029206276,17,2308.6001
KENYA,GARISSA,JARAJILA,2019,Jan/Feb,TIA,.0885820984840393,41.99999999999999,5703.6001
KENYA,MARSABIT,LAISAMIS,2019,Jan/Feb,TIA,.088749997317791,.4,54.32
KENYA,ISIOLO,KINNA,2019,Jan/Feb,TIA,.0944062918424606,45.8,6219.6401
KENYA,MOYALE,CENTRAL MOYALE,2019,Jan/Feb,TIA,.0824023336172104,74.89999999999999,10171.42
KENYA,GARISSA,CENTRAL GARISSA,2019,Jan/Feb,TIA,.068515457212925,30.9,4196.2202
KENYA,GARISSA,DADAAB,2019,Jan/Feb,TIA,.0704169049859047,64.7,8786.2607
KENYA,WAJIR,WAJIR-BOR,2019,Jan/Feb,TIA,.0888839289546013,8,1086.4
KENYA,TANA RIVER,GALOLE WEST,2019,Jan/Feb,TIA,.1262390911579132,179.5,24376.102
KENYA,ISIOLO,GARBA TULLA,2019,Jan/Feb,TIA,.0872109830379486,55.7,7564.0601
KENYA,MANDERA,TAKABA,2019,Jan/Feb,TIA,.0872913897037506,68.59999999999999,9315.8799
KENYA,SAMBURU,WAMBA WEST,2019,Jan/Feb,TIA,.1360209584236145,26,3530.8
KENYA,TANA RIVER,KIPAO,2019,Jan/Feb,TIA,.1002733111381531,50.7,6885.0601
KENYA,GARISSA,MODOGASHE,2019,Jan/Feb,TIA,.0618099495768547,12.7,1724.66
ETHIOPIA,BORANA,BADA YABELLO,2019,Jan/Feb,OIC,.1029,21.89999961853027,270.60602
ETHIOPIA,BORANA,MALBE YABELLO,2019,Jan/Feb,OIC,.0992,51.40000152587891,640.08405
ETHIOPIA,BORANA,GOMOLE,2019,Jan/Feb,OIC,.0952,96.80000305175781,1058.692
ETHIOPIA,BORANA,MALBE DILLO,2019,Jan/Feb,OIC,.0846,13,129.20001
ETHIOPIA,BORANA,MIYO,2019,Jan/Feb,OIC,.101,604.9000244140625,6616.0264
ETHIOPIA,BORANA,GARACHA DIRE,2019,Jan/Feb,OIC,.0904,294.6000061035156,3005.1243
ETHIOPIA,BORANA,GOLBO DIRE,2019,Jan/Feb,OIC,.0911,34,315.58801
ETHIOPIA,BORANA,BADA HIDDI,2019,Jan/Feb,OIC,.118,5,60.180004
ETHIOPIA,BORANA,MALBE TELTELE,2019,Jan/Feb,OIC,.0836,9.800000190734863,93.976006
ETHIOPIA,BORANA,QAQALO MOYALE,2019,Jan/Feb,OIC,.101,420.6000061035156,4504.5244
ETHIOPIA,BORANA,GARACHA TULA DHAS,2019,Jan/Feb,OIC,.1027,83.09999847412109,1001.8101
ETHIOPIA,BORANA,DUGDA DAWA,2019,Jan/Feb,OIC,.1002,3,30.702002
ETHIOPIA,BORANA,GARA MEGA,2019,Jan/Feb,OIC,.1117,100.5999984741211,1311.0741
ETHIOPIA,BORANA,MOYALE,2019,Jan/Feb,OIC,.0932,1078.900024414063,11245.398
ETHIOPIA,BORANA,BADA ARERO,2019,Jan/Feb,OIC,.1265,62.90000152587891,862.92004
KENYA,TANA RIVER,GALOLE WEST,2019,Aug/Sep,TIA,.1257142871618271,2,271.60001
KENYA,ISIOLO,MERTI,2019,Aug/Sep,TIA,.0547933802008629,32.39999985694885,4399.9199
KENYA,SAMBURU,WAMBA,2019,Aug/Sep,TIA,.1340000033378601,4.5,611.10004
KENYA,MANDERA,WARGADUD,2020,Jan/Feb,TIA,.1996926069259644,5.199999928474426,691.59998
KENYA,MANDERA,RHAMU DIMTU,2020,Jan/Feb,TIA,.1933129578828812,25.10000010579824,3338.2998
KENYA,MANDERA,ELWAK,2020,Jan/Feb,TIA,.1887076050043106,16.29999995231628,2167.8999
KENYA,MANDERA,MALKAMARI,2020,Jan/Feb,TIA,.1887142807245255,5,665
KENYA,MANDERA,TAKABA,2020,Jan/Feb,TIA,.1887085735797882,8.400000035762787,1117.2
KENYA,SAMBURU,NDOTO,2020,Jan/Feb,TIA,.2750144898891449,675.7999975755811,89881.398
KENYA,SAMBURU,ELBANA,2020,Jan/Feb,TIA,.1718279272317886,138.7999999150634,18460.398
KENYA,SAMBURU,WAMBA,2020,Jan/Feb,TIA,.18857142329216,.6000000089406967,79.799995
KENYA,SAMBURU,ANGABA,2020,Jan/Feb,TIA,.1886840313673019,189.0999999716878,25150.299
KENYA,SAMBURU,NYIRO,2020,Jan/Feb,TIA,.1886689364910126,40.89999981969595,5439.6997
ETHIOPIA,BORANA,GARA MEGA,2020,Jan/Feb,OIC,.1117,96.5,8806
ETHIOPIA,BORANA,GOMOLE,2020,Jan/Feb,OIC,.0952,146.5,13230
ETHIOPIA,BORANA,GAMOJI MELKA SODA,2020,Jan/Feb,OIC,.1104,5.599999904632568,616
ETHIOPIA,BORANA,MIYO,2020,Jan/Feb,OIC,.101,562.5,49182
ETHIOPIA,BORANA,GARACHA DIRE,2020,Jan/Feb,OIC,.0904,80.30000305175781,8610
ETHIOPIA,BORANA,MALBE YABELLO,2020,Jan/Feb,OIC,.0992,31.20000076293945,2912
ETHIOPIA,BORANA,MOYALE,2020,Jan/Feb,OIC,.0932,583.0999755859375,52738
ETHIOPIA,BORANA,QAQALO MOYALE,2020,Jan/Feb,OIC,.101,195.8000030517578,16716
ETHIOPIA,BORANA,GARACHA TULA DHAS,2020,Jan/Feb,OIC,.1027,58.59999847412109,5628
ETHIOPIA,BORANA,BADA ARERO,2020,Jan/Feb,OIC,.1265,7,588
ETHIOPIA,BORANA,DUGDA DAWA,2020,Jan/Feb,OIC,.1002,7,588
ETHIOPIA,BORANA,GAMOJI DUGDA DAWA,2020,Jan/Feb,OIC,.0836,1.700000047683716,182
KENYA,GARISSA,BURA GARISSA,2020,Aug/Sep,TIA,.2000843286514282,7.800000123679638,1037.4
KENYA,GARISSA,DADAAB,2020,Aug/Sep,TIA,.186195969581604,185.1000004187226,24618.299
ETHIOPIA,BORANA,MALBE YABELLO,2020,Aug/Sep,OIC,.0992,52.59999847412109,4788
KENYA,MANDERA,ASHABITO,2020,Aug/Sep,TIA,.1997089982032776,13,1729
KENYA,WAJIR,ELDAS,2020,Aug/Sep,TIA,.1886031627655029,3.400000020861626,452.19998
ETHIOPIA,BORANA,GARA MEGA,2020,Aug/Sep,OIC,.1117,12.39999961853027,1120
KENYA,WAJIR,BUNA,2020,Aug/Sep,TIA,.1885828524827957,12.00000009685755,1596
KENYA,GARISSA,IJARA,2020,Aug/Sep,TIA,.189238503575325,18.10000003874302,2407.2998
KENYA,WAJIR,SEBULE,2020,Aug/Sep,TIA,.1886903047561646,28,3724
ETHIOPIA,BORANA,QAQALO MOYALE,2020,Aug/Sep,OIC,.101,718.4000244140625,60984
KENYA,WAJIR,WAJIR-BOR,2020,Aug/Sep,TIA,.1886890679597855,14.6000000089407,1941.7999
ETHIOPIA,BORANA,GOMOLE,2020,Aug/Sep,OIC,.0952,242.6000061035156,21252
KENYA,GARISSA,CENTRAL GARISSA,2020,Aug/Sep,TIA,.2047979682683945,86.0000002682209,11438
KENYA,MANDERA,WARGADUD,2020,Aug/Sep,TIA,.1997075974941254,25.19999980926514,3351.5999
KENYA,GARISSA,MODOGASHE,2020,Aug/Sep,TIA,.1940997540950775,26.6999998986721,3551.0999
ETHIOPIA,BORANA,GARACHA DIRE,2020,Aug/Sep,OIC,.0904,158.3999938964844,14392
KENYA,GARISSA,JARAJILA,2020,Aug/Sep,TIA,.2011232674121857,38.10000056028366,5067.2998
ETHIOPIA,BORANA,DUGDA DAWA,2020,Aug/Sep,OIC,.1002,4.199999809265137,420
KENYA,GARISSA,DANYERE,2020,Aug/Sep,TIA,.1914285719394684,6.800000086426735,904.39996
KENYA,GARISSA,BALAMBALA,2020,Aug/Sep,TIA,.2304818034172058,80.40000010281801,10693.199
ETHIOPIA,BORANA,GARACHA TULA DHAS,2020,Aug/Sep,OIC,.1027,38.40000152587891,3360
ETHIOPIA,BORANA,MOYALE,2020,Aug/Sep,OIC,.0932,1219.199951171875,110096
ETHIOPIA,BORANA,MIYO,2020,Aug/Sep,OIC,.101,678.4000244140625,59696
KENYA,WAJIR,DIFF,2020,Aug/Sep,TIA,.18857142329216,1.80000002682209,239.39999
KENYA,ISIOLO,GARBA TULLA,2020,Aug/Sep,TIA,.1887061595916748,7.100000023841858,944.29999
KENYA,ISIOLO,CENTRAL ISIOLO,2020,Aug/Sep,TIA,.1886291950941086,17.00000001490116,2261
KENYA,SAMBURU,NDOTO,2020,Aug/Sep,TIA,.1889678686857224,447.6000003963709,59530.797
KENYA,SAMBURU,ELBANA,2020,Aug/Sep,TIA,.1887071430683136,295.4000000059605,39288.199
KENYA,SAMBURU,ANGABA,2020,Aug/Sep,TIA,.1891020387411118,1008.200000092387,134090.59
KENYA,SAMBURU,WAMBA WEST,2020,Aug/Sep,TIA,.1887142807245255,1,133
KENYA,SAMBURU,WAMBA,2020,Aug/Sep,TIA,.1836734712123871,1.399999976158142,186.2
KENYA,ISIOLO,MERTI,2020,Aug/Sep,TIA,.3718694448471069,117.3000004068017,15600.899
KENYA,ISIOLO,KINNA,2020,Aug/Sep,TIA,.2275453060865402,56.39999979734421,7501.1997
