hhid,round,comment,s16q1,s16q2,s16q3,s16q4
1002,1,,3,Tail,150,
1003,1,,2,Tail,0,
1004,1,,4,Tail,190,
1005,1,,5,Tail,200,
1006,1,,3,Tail,150,
1007,1,,5,Tail,200,
1008,1,,3,Tail,150,
1009,1,,1,Head,45,
1010,1,,2,Tail,120,
1011,1,,5,Tail,200,
1012,1,,3,Tail,150,
1013,1,,2,Tail,120,
1014,1,,3,Tail,150,
1015,1,,4,Tail,190,
1016,1,,5,Tail,200,
1017,1,,2,Tail,120,
1018,1,,2,Head,40,
1019,1,,3,Tail,150,
1020,1,,2,Tail,120,
1021,1,,4,Tail,190,
1022,1,,3,Tail,150,
1023,1,,5,Tail,200,
1024,1,,2,Tail,120,
1025,1,,3,Tail,150,
1026,1,,2,Tail,120,
1027,1,,2,Tail,120,
1029,1,,5,Tail,200,
1031,1,,3,Head,30,
1032,1,,5,Tail,200,
1033,1,,2,Tail,120,
1034,1,,0,Tail,50,
1035,1,,5,Head,0,
1036,1,,2,Head,40,
1037,1,,5,Head,200,
1038,1,,5,Head,0,
1039,1,,5,Tail,200,
1042,4,0,3,Tail,150,Yes
1043,1,,2,Tail,120,
1044,6,0,5,Tail,200,Yes
1045,1,,5,Tail,200,
1047,1,,2,Tail,120,
2001,1,,3,Tail,150,
2002,1,,4,Tail,190,
2003,1,,5,Tail,0,
2004,1,,2,Tail,120,
2005,1,,5,Tail,200,
2006,1,,5,Tail,200,
2007,1,,5,Head,0,
2008,1,,4,Head,10,
2009,1,,5,Head,0,
2010,1,,2,Head,40,
2011,1,,2,Tail,120,
2012,1,,4,Tail,190,
2013,1,,5,Tail,200,
2014,1,,5,Tail,200,
2015,1,,2,Tail,120,
2016,1,,2,Tail,120,
2017,1,,2,Tail,120,
2017,6,0,2,Tail,120,Yes
2018,1,,5,Head,0,
2019,1,,3,Head,30,
2020,1,,1,Tail,95,
2021,1,,2,Tail,120,
2022,1,,5,Tail,200,
2023,1,,2,Head,40,
2024,1,,5,Head,0,
2025,1,,2,Head,40,
2026,1,,3,Tail,150,
2027,1,,4,Head,10,
2028,1,,5,Tail,200,
2029,1,,5,Head,0,
2030,1,,0,Head,50,
2031,1,,5,Tail,200,
2032,1,,5,Tail,200,
2033,1,,4,Tail,190,
2034,1,,2,Head,40,
2035,1,,5,Tail,200,
2036,1,,5,Tail,200,
2037,1,,3,Tail,150,
2038,1,,5,Tail,200,
2039,1,,2,Head,40,
2040,1,,2,Tail,120,
2041,1,,2,Tail,120,
2042,1,,5,Tail,200,
2043,1,,3,Tail,150,
2044,1,,5,Tail,200,
2045,1,,2,Tail,120,
2046,1,,0,Head,50,
2047,1,,3,Head,30,
2048,1,,5,Tail,200,
2049,1,,2,Head,40,
2050,1,,3,Tail,150,
2051,1,,5,Head,0,
2052,1,,4,Head,10,
2053,1,,2,Tail,120,
2053,4,0,5,Head,0,.b
2054,1,,5,Head,0,
2055,1,,1,Tail,95,
2056,1,,3,Head,30,
2057,1,,5,Tail,200,
2058,1,,3,Head,30,
2059,1,,3,Tail,150,
2060,1,,4,Tail,190,
2061,1,,0,Tail,200,
2062,1,,3,Tail,150,
2063,1,,3,Tail,150,
2064,1,,2,Tail,120,
2065,1,,0,Tail,50,
2066,1,,2,Head,40,
2067,1,,3,Tail,150,
2068,1,,3,Head,30,
2069,1,,2,Head,40,
2070,1,,5,Tail,200,
2071,1,,3,Tail,150,
2072,1,,3,Tail,150,
2073,1,,3,Tail,150,
2074,1,,5,Tail,200,
2075,1,,2,Tail,120,
2076,1,,2,Tail,120,
2077,1,,2,Tail,120,
2078,1,,3,Tail,150,
2079,1,,1,Head,45,
2080,1,,2,Tail,120,
2081,1,,2,Head,40,
2082,1,,3,Tail,0,
2083,1,,2,Tail,120,
2084,1,,1,Tail,95,
2085,1,,5,Tail,200,
2086,1,,3,Tail,150,
2087,1,,0,Head,50,
2088,1,,3,Head,30,
2089,1,,1,Tail,95,
2090,1,,3,Tail,150,
2091,1,,2,Tail,120,
2092,1,,2,Tail,120,
2093,1,,5,Tail,200,
2094,1,,2,Tail,120,
2095,1,,2,Tail,120,
2095,5,0,3,Tail,150,Yes
2096,1,,2,Tail,120,
2097,1,,3,Tail,150,
2098,3,0,3,Tail,150,Yes
2099,2,,4,Tail,150,
2100,2,,5,Head,0,
2102,2,,3,Tail,150,
2103,2,,5,Tail,200,
2106,3,0,5,Head,0,No
2110,3,0,0,Tail,50,Yes
2111,3,0,5,Tail,200,Yes
2112,3,0,5,Tail,200,Yes
2114,3,0,5,Tail,200,Yes
2126,4,0,5,Head,0,.b
3001,1,,2,Tail,120,
3002,1,,3,Tail,150,
3003,1,,3,Head,30,
3005,1,,3,Tail,150,
3006,1,,3,Head,30,
3007,1,,2,Tail,120,
3008,1,,2,Head,40,
3009,1,,3,Tail,150,
3010,1,,4,Head,10,
3011,1,,2,Tail,120,
3012,1,,3,Tail,150,
3013,1,,4,Tail,190,
3015,1,,1,Tail,95,
3016,1,,2,Tail,120,
3018,1,,2,Tail,120,
3019,1,,1,Tail,95,
3020,1,,1,Tail,95,
3021,1,,2,Tail,120,
3022,1,,2,Tail,120,
3023,1,,2,Tail,120,
3024,1,,3,Tail,150,
3026,1,,2,Tail,120,
3027,1,,0,Tail,50,
3028,1,,2,Tail,120,
3029,1,,4,Tail,190,
3030,1,,4,Tail,190,
3031,1,,2,Tail,120,
3033,1,,0,Tail,50,
3034,1,,3,Tail,150,
3035,1,,2,Tail,120,
3036,6,0,5,Tail,200,Yes
3041,4,0,5,Tail,200,Yes
4001,1,,3,Tail,150,
4002,1,,4,Tail,190,
4003,1,,4,Tail,190,
4004,1,,5,Head,0,
4005,1,,0,Tail,50,
4006,1,,1,Tail,95,
4007,1,,3,Tail,150,
4009,1,,1,Tail,95,
4010,1,,1,Tail,95,
4011,1,,1,Tail,95,
4012,1,,0,Head,50,
4013,1,,5,Tail,200,
4014,1,,5,Tail,200,
4015,1,,3,Tail,150,
4016,1,,3,Head,30,
4017,1,,4,Head,10,
4019,1,,5,Head,0,
4020,1,,3,Tail,150,
4021,1,,5,Head,0,
4022,1,,0,Head,50,
4023,1,,3,Head,30,
4024,1,,4,Head,10,
4025,1,,0,Head,50,
4026,1,,2,Head,40,
4027,1,,5,Head,0,
4028,1,,2,Tail,95,
4029,1,,2,Head,40,
4030,1,,4,Head,10,
4031,1,,2,Head,40,
4032,1,,0,Head,50,
4033,1,,3,Tail,150,
4034,1,,0,Head,50,
4034,6,0,3,Tail,150,Yes
4035,1,,3,Tail,150,
4036,1,,1,Head,45,
4037,1,,4,Head,10,
4038,1,,5,Tail,200,
4039,1,,2,Head,40,
4040,1,,1,Tail,50,
4041,1,,2,Tail,95,
4042,1,,4,Head,30,
4043,1,,2,Tail,120,
4044,1,,0,Head,50,
4045,1,,1,Head,50,
4046,1,,2,Tail,120,
4047,1,,3,Tail,150,
4048,1,,0,Head,50,
4049,1,,3,Tail,150,
4050,1,,5,Tail,200,
4051,1,,5,Head,0,
4052,1,,0,Head,50,
4053,1,,5,Head,0,
4054,1,,5,Head,0,
4055,1,,2,Head,40,
4056,1,,3,Head,30,
4057,1,,4,Tail,190,
4058,1,,4,Head,10,
4059,1,,2,Head,40,
4060,1,,3,Head,30,
4061,1,,5,Head,0,
4062,1,,5,Tail,200,
4062,4,0,2,Tail,120,Yes
4063,1,,5,Head,0,
4064,1,,3,Head,40,
4065,1,,4,Tail,190,
4066,1,,4,Head,10,
4067,1,,1,Head,45,
4068,1,,5,Tail,200,
4069,1,,5,Tail,200,
4069,4,0,2,Tail,120,Yes
4070,1,,5,Head,0,
4071,1,,4,Tail,190,
4072,1,,5,Tail,200,
4073,1,,3,Tail,150,
4074,1,,5,Tail,200,
4075,1,,2,Head,40,
4076,1,,4,Tail,190,
4077,6,0,5,Head,0,.b
4078,1,,0,Head,50,
4079,1,,0,Head,50,
4082,2,,4,Tail,190,
4083,2,,5,Tail,200,
4084,2,,3,Head,30,
4086,2,,2,Head,40,
4087,2,,3,Tail,150,
4089,2,,3,Head,150,
4090,2,,0,Tail,50,
4091,2,,0,Tail,50,
4095,2,,3,Head,30,
4098,6,0,5,Tail,200,Yes
4103,3,0,0,Tail,50,Yes
4107,3,0,5,Tail,200,Yes
4108,3,0,5,Head,0,No
4110,3,0,5,Tail,200,Yes
4111,3,0,5,Head,0,No
5001,1,,3,Tail,150,
5002,1,,2,Tail,120,
5005,1,,3,Tail,150,
5008,1,,5,Tail,200,
5009,1,,0,Tail,50,
5010,1,,0,Head,50,
5011,1,,0,Tail,50,
5012,1,,5,Tail,200,
5013,1,,5,Tail,200,
5015,1,,3,Head,30,
5016,1,,5,Head,150,
5018,1,,0,Head,50,
5019,1,,4,Tail,190,
5020,1,,0,Head,50,
5021,1,,0,Head,50,
5022,1,,0,Head,50,
5024,1,,1,Head,45,
5025,1,,2,Tail,120,
5027,1,,3,Tail,150,
5028,1,,2,Head,40,
5029,1,,2,Tail,120,
5030,1,,5,Tail,200,
5031,1,,1,Tail,150,
5034,1,,5,Tail,200,
5037,1,,5,Tail,200,
5038,1,,0,Tail,50,
5041,1,,0,Head,50,
5042,1,,0,Head,50,
5043,1,,5,Tail,200,
5044,1,,5,Tail,200,
5045,1,,0,Tail,50,
5046,1,,0,Tail,50,
5047,1,,5,Tail,200,
5049,1,,2,Head,40,
5050,1,,4,Tail,190,
5051,1,,5,Tail,200,
5052,1,,0,Tail,50,
5053,1,,2,Tail,120,
5054,1,,2,Head,40,
5055,1,,5,Tail,200,
5056,1,,3,Head,30,
5057,1,,2,Head,40,
5058,1,,3,Tail,150,
5061,1,,0,Head,50,
5066,1,,2,Head,40,
5067,1,,2,Tail,120,
5067,6,0,5,Tail,200,Yes
5068,1,,3,Tail,150,
5069,1,,4,Tail,190,
5070,3,0,0,Tail,50,Yes
5071,1,,5,Tail,200,
5072,1,,5,Tail,200,
5073,1,,5,Tail,200,
5075,2,,2,Tail,120,
5076,6,0,5,Head,0,.b
5077,2,,3,Tail,150,
5082,2,,2,Tail,120,
5083,6,0,0,Head,50,Yes
5084,2,,1,Head,45,
5086,2,,5,Tail,200,
5088,3,0,5,Head,0,No
5089,2,,0,Head,50,
5092,6,0,3,Tail,150,Yes
5093,3,0,5,Head,0,No
5094,3,0,3,Tail,150,Yes
5095,6,0,5,Tail,200,Yes
5096,3,0,3,Tail,350,Yes
5103,6,0,5,Tail,200,Yes
5104,6,0,3,Head,30,Yes
6001,1,,3,Tail,150,
6002,1,,3,Head,30,
6004,1,,1,Head,45,
6005,1,,5,Head,0,
6006,6,0,4,Tail,190,Yes
6007,1,,5,Tail,200,
6008,1,,1,Tail,95,
6009,1,,2,Tail,120,
6010,1,,4,Tail,190,
6011,1,,2,Tail,120,
6012,1,,3,Tail,150,
6013,1,,0,Head,50,
6014,1,,2,Head,40,
6015,1,,5,Tail,200,
6016,1,,2,Head,40,
6018,1,,2,Head,40,
6019,1,,2,Tail,120,
6020,1,,3,Head,30,
6021,1,,4,Head,10,
6022,1,,4,Head,10,
6023,1,,5,Tail,200,
6024,1,,2,Tail,120,
6025,1,,3,Head,30,
6026,5,0,5,Tail,200,Yes
6027,1,,4,Tail,190,
6028,1,,0,Tail,50,
6029,1,,2,Tail,120,
6030,1,,5,Tail,200,
6031,1,,0,Head,50,
6032,1,,0,Tail,50,
6033,1,,3,Head,30,
6034,1,,3,Tail,150,
6035,1,,2,Head,40,
6036,1,,3,Head,30,
6037,1,,1,Tail,95,
6038,1,,2,Tail,120,
6040,1,,3,Tail,150,
6041,1,,2,Head,40,
6042,1,,0,Head,50,
6043,1,,2,Tail,120,
6044,1,,0,Head,50,
6045,1,,3,Tail,150,
6046,1,,3,Tail,150,
6047,1,,3,Head,30,
6048,1,,4,Head,190,
6049,1,,1,Head,45,
6050,1,,2,Tail,120,
6052,1,,0,Head,50,
6053,1,,2,Tail,120,
6054,1,,0,Head,50,
6056,1,,4,Head,10,
6057,1,,3,Tail,150,
6058,1,,1,Tail,95,
6059,1,,2,Head,40,
6060,1,,2,Head,40,
6061,1,,5,Tail,200,
6062,1,,5,Tail,200,
6063,1,,5,Head,0,
6064,1,,2,Head,45,
6065,1,,3,Tail,150,
6066,1,,3,Tail,150,
6067,1,,2,Tail,150,
6068,1,,2,Tail,120,
6069,1,,2,Head,40,
6070,1,,2,Head,40,
6071,1,,2,Tail,95,
6072,1,,2,Head,40,
6073,1,,3,Head,30,
6074,1,,4,Head,10,
6075,1,,5,Head,0,
6076,1,,1,Tail,95,
6077,1,,2,Tail,120,
6078,1,,2,Tail,120,
6079,1,,5,Head,0,
6081,1,,3,Tail,150,
6082,1,,2,Head,40,
6084,1,,0,Head,50,
6085,1,,2,Tail,120,
6086,1,,0,Head,50,
6087,1,,0,Head,50,
6088,1,,0,Tail,50,
6089,1,,0,Head,50,
6090,1,,1,Head,45,
6092,1,,5,Head,0,
6093,1,,0,Tail,50,
6094,1,,4,Tail,190,
6095,1,,2,Tail,120,
6096,1,,5,Head,0,
6098,1,,5,Tail,200,
6099,1,,5,Tail,200,
6100,1,,2,Head,40,
6100,4,0,5,Tail,200,Yes
6101,1,,4,Head,10,
6102,1,,2,Tail,120,
6103,1,,3,Tail,150,
6104,1,,2,Tail,120,
6105,1,,5,Tail,200,
6107,1,,4,Tail,190,
6108,1,,0,Tail,50,
6109,1,,5,Tail,200,
6111,1,,3,Tail,150,
6112,1,,5,Tail,200,
6113,1,,3,Tail,150,
6114,1,,1,Head,45,
6115,3,0,2,Tail,120,Yes
6116,2,,5,Tail,200,
6116,5,0,2,Tail,120,Yes
6119,6,0,5,Tail,200,Yes
6123,2,,0,Head,50,
6124,2,,0,Head,50,
6125,5,0,3,Tail,150,Yes
6129,6,0,4,Tail,190,Yes
7002,1,,2,Head,40,
7003,1,,4,Tail,190,
7004,1,,3,Head,30,
7005,1,,3,Tail,150,
7006,1,,5,Head,0,
7007,1,,3,Tail,150,
7008,1,,4,Head,10,
7009,1,,5,Tail,200,
7010,1,,2,Head,40,
7011,1,,2,Head,40,
7012,1,,5,Tail,200,
7013,1,,2,Tail,120,
7014,1,,3,Tail,150,
7015,1,,1,Tail,95,
7016,1,,2,Head,40,
7017,1,,2,Head,40,
7018,1,,2,Head,40,
7019,1,,2,Tail,120,
7020,1,,3,Tail,150,
7021,1,,1,Tail,95,
7022,1,,0,Head,50,
7023,1,,2,Head,40,
7024,1,,1,Tail,95,
7025,1,,2,Head,40,
7026,1,,5,Tail,200,
7027,1,,2,Head,40,
7028,1,,2,Tail,120,
7029,1,,0,Tail,50,
7030,1,,0,Head,50,
7031,1,,0,Head,50,
7032,1,,0,Head,50,
7033,1,,3,Head,30,
7034,1,,0,Tail,50,
7035,1,,2,Tail,120,
7036,1,,3,Tail,150,
7037,1,,4,Tail,150,
7038,1,,4,Tail,190,
7039,1,,5,Head,0,
7040,1,,3,Head,30,
7041,1,,3,Head,30,
7042,1,,0,Tail,50,
7043,1,,5,Tail,200,
7046,6,0,3,Tail,150,Yes
7049,1,,2,Tail,120,
8001,1,,0,Head,50,
8002,1,,5,Tail,200,
8003,1,,2,Tail,120,
8004,1,,0,Head,50,
8005,1,,3,Tail,150,
8006,1,,3,Tail,150,
8007,1,,2,Head,40,
8008,1,,0,Head,50,
8009,1,,5,Head,0,
8010,1,,0,Head,50,
8011,1,,2,Tail,120,
8012,1,,3,Head,30,
8013,1,,2,Tail,120,
8014,1,,2,Tail,120,
8015,1,,5,Tail,200,
8016,1,,3,Head,30,
8017,1,,2,Head,40,
8018,1,,2,Tail,120,
8019,1,,3,Tail,150,
8020,1,,0,Head,50,
8021,1,,0,Head,50,
8022,1,,1,Tail,95,
8023,1,,5,Tail,200,
8024,1,,3,Head,30,
8025,1,,2,Tail,120,
8026,1,,1,Head,45,
8027,1,,1,Tail,95,
8028,1,,3,Tail,150,
8028,5,0,3,Tail,150,Yes
8029,1,,3,Tail,150,
8030,1,,3,Tail,150,
8031,1,,0,Head,50,
8032,1,,2,Tail,120,
8033,1,,0,Tail,50,
8034,1,,1,Head,40,
8035,1,,5,Tail,200,
8036,1,,5,Head,0,
8037,1,,5,Tail,200,
8038,1,,5,Head,0,
8039,1,,0,Head,50,
8040,1,,5,Head,0,
8041,1,,2,Tail,120,
8041,6,0,.b,.b,.b,.b
8042,1,,0,Tail,50,
8044,1,,5,Head,0,
8045,1,,0,Head,50,
8046,1,,5,Tail,200,
8047,1,,5,Tail,200,
8048,1,,3,Tail,150,
8049,1,,4,Tail,190,
8050,1,,1,Head,45,
8051,1,,5,Head,0,
8052,1,,0,Head,50,
8053,1,,2,Tail,120,
8054,1,,2,Tail,120,
8055,1,,5,Tail,200,
8056,1,,3,Tail,150,
8057,2,,2,Head,40,
8058,6,0,5,Tail,200,Yes
8059,2,,3,Tail,150,
8061,2,,5,Tail,200,
8062,2,,5,Tail,200,
8065,6,0,5,Tail,200,Yes
8070,4,0,5,Tail,200,Yes
9001,1,,0,Tail,50,
9002,1,,2,Head,40,
9003,1,,0,Head,50,
9004,1,,3,Tail,150,
9005,1,,5,Tail,200,
9006,1,,0,Tail,50,
9007,1,,3,Tail,150,
9008,1,,4,Tail,190,
9009,1,,0,Head,50,
9010,1,,3,Tail,150,
9011,1,,5,Tail,200,
9012,1,,0,Tail,50,
9013,1,,1,Head,45,
9014,1,,2,Tail,120,
9015,1,,2,Tail,120,
9016,1,,3,Tail,150,
9017,1,,5,Tail,200,
9018,1,,0,Head,50,
9019,1,,0,Tail,50,
9020,1,,2,Tail,120,
9021,1,,3,Tail,150,
9022,1,,3,Tail,150,
9023,1,,0,Head,50,
9024,1,,5,Tail,200,
9025,1,,1,Tail,95,
9026,1,,3,Head,30,
9027,1,,4,Tail,190,
9028,1,,5,Head,0,
9029,1,,1,Tail,95,
9030,1,,3,Head,30,
9031,1,,1,Tail,95,
9032,1,,2,Tail,120,
9033,1,,2,Tail,120,
9034,1,,0,Head,50,
9035,1,,1,Tail,95,
9036,1,,5,Tail,200,
9037,1,,3,Tail,150,
9038,1,,0,Head,50,
9039,1,,1,Tail,95,
9040,1,,1,Tail,95,
9041,1,,0,Tail,50,
9042,1,,3,Head,40,
9043,1,,5,Tail,200,
9044,1,,3,Tail,150,
9045,1,,0,Head,50,
9046,1,,4,Tail,190,
9047,1,,3,Head,30,
9048,1,,3,Head,30,
9049,1,,3,Head,30,
9050,1,,0,Head,50,
9051,1,,0,Head,50,
9052,1,,0,Head,50,
9053,1,,0,Tail,50,
9054,1,,2,Head,40,
9055,1,,3,Tail,150,
9056,1,,3,Tail,150,
9057,1,,5,Tail,200,
9058,1,,3,Head,150,
9059,1,,2,Tail,120,
9060,1,,3,Head,30,
9061,1,,0,Head,50,
9062,1,,2,Head,40,
9063,1,,5,Tail,200,
9064,1,,2,Head,40,
9065,1,,4,Head,10,
9066,1,,5,Head,0,
9067,1,,4,Tail,190,
9068,1,,2,Tail,120,
9069,1,,0,Tail,50,
9070,1,,2,Tail,120,
9071,1,,5,Tail,190,
9072,1,,3,Head,30,
9073,1,,2,Tail,120,
9074,1,,3,Head,30,
9075,1,,2,Head,40,
9076,1,,3,Head,30,
9077,1,,2,Tail,120,
9078,1,,2,Tail,120,
9079,1,,3,Tail,150,
9080,1,,2,Tail,120,
9081,1,,5,Head,0,
9082,1,,4,Tail,190,
9083,1,,4,Tail,190,
9084,1,,5,Head,0,
9085,1,,5,Tail,200,
9086,1,,5,Tail,200,
9087,1,,2,Tail,120,
9088,1,,5,Head,0,
9089,1,,3,Head,30,
9090,1,,2,Head,40,
9091,1,,3,Head,30,
9092,1,,0,Head,50,
9093,1,,2,Tail,120,
9094,1,,2,Tail,120,
9095,1,,3,Head,30,
9096,1,,3,Head,30,
9097,1,,3,Tail,150,
9098,1,,5,Head,0,
9099,1,,2,Head,40,
9100,1,,0,Head,50,
9102,4,0,5,Tail,200,Yes
9104,5,0,5,Tail,200,Yes
9105,6,0,4,Tail,190,Yes
9106,4,0,0,Head,50,Yes
9108,2,,5,Tail,200,
9109,6,0,3,Tail,150,Yes
9110,6,0,3,Tail,150,Yes
9111,4,0,3,Tail,150,Yes
9115,5,0,3,Tail,150,Yes
9117,6,0,5,Tail,200,Yes
9119,6,0,2,Tail,120,Yes
9120,6,0,3,Tail,150,Yes
9121,6,0,3,Tail,150,Yes
9123,6,0,3,Tail,150,Yes
9125,6,0,3,Tail,150,Yes
9127,6,0,3,Tail,150,Yes
9128,6,0,3,Tail,150,Yes
9129,6,0,2,Head,40,Yes
9130,6,0,5,Tail,200,Yes
9131,6,0,2,Tail,120,Yes
9132,6,0,3,Head,30,Yes
9133,6,0,5,Tail,200,Yes
9134,6,0,2,Tail,120,Yes
9135,6,0,2,Tail,120,Yes
9140,6,0,3,Tail,150,Yes
10001,1,,3,Tail,150,
10002,1,,4,Head,10,
10003,1,,5,Head,0,
10004,1,,3,Tail,120,
10005,1,,4,Head,10,
10006,1,,0,Head,50,
10007,1,,0,Head,50,
10008,1,,1,Tail,95,
10009,1,,2,Tail,120,
10010,1,,4,Tail,190,
10011,1,,0,Tail,50,
10012,1,,3,Head,30,
10012,6,0,2,Head,40,Yes
10013,1,,4,Head,10,
10014,1,,2,Head,40,
10015,1,,0,Head,50,
10016,1,,3,Tail,150,
10017,1,,4,Tail,190,
10018,1,,1,Tail,95,
10019,1,,5,Tail,200,
10020,1,,3,Tail,150,
10021,1,,2,Head,40,
10022,1,,2,Head,40,
10023,1,,5,Head,0,
10024,1,,1,Head,45,
10025,1,,2,Tail,120,
10026,1,,1,Head,45,
10027,1,,2,Head,40,
10028,1,,5,Tail,200,
10029,1,,4,Head,10,
10030,1,,3,Head,30,
10031,3,0,5,Tail,200,Yes
10033,3,0,5,Tail,200,Yes
10036,4,0,3,Head,30,Yes
10039,6,0,0,Tail,50,Yes
10043,6,0,3,Tail,150,Yes
11001,1,,0,Head,50,
11002,1,,0,Head,50,
11003,1,,2,Tail,120,
11004,1,,3,Head,30,
11005,1,,0,Head,50,
11006,1,,5,Tail,200,
11007,1,,5,Tail,200,
11008,1,,1,Tail,95,
11010,1,,1,Tail,95,
11011,1,,1,Tail,95,
11012,1,,5,Tail,200,
11013,1,,2,Tail,120,
11014,1,,5,Head,0,
11015,1,,5,Tail,200,
11018,1,,5,Tail,200,
11019,1,,1,Head,95,
11020,1,,0,Head,50,
11021,1,,0,Head,50,
11022,1,,0,Tail,50,
11023,1,,0,Head,50,
11024,1,,2,Head,40,
11025,1,,0,Head,50,
11026,1,,0,Head,50,
11027,1,,5,Tail,200,
11028,1,,5,Tail,200,
11029,1,,0,Head,50,
11030,1,,1,Head,50,
11032,1,,1,Tail,95,
11033,1,,3,Head,30,
11034,1,,5,Tail,200,
11035,1,,1,Head,45,
11036,1,,2,Head,40,
11037,1,,2,Head,40,
11038,1,,5,Tail,200,
11039,1,,0,Head,50,
11040,1,,0,Head,50,
11041,1,,5,Tail,200,
11042,1,,5,Tail,200,
11043,1,,5,Head,0,
11044,1,,5,Head,0,
11045,1,,4,Head,40,
11046,1,,3,Head,30,
11047,1,,1,Head,50,
11049,1,,0,Tail,50,
11050,1,,1,Head,45,
11051,2,,5,Tail,200,
11052,1,,5,Tail,200,
11054,2,,5,Tail,200,
11055,2,,5,Tail,200,
11056,4,0,0,Head,50,Yes
11057,4,0,2,Tail,120,Yes
11060,4,0,2,Head,40,Yes
11061,4,0,2,Tail,120,Yes
11064,3,0,3,Tail,150,Yes
11067,5,0,2,Head,40,Yes
11068,4,0,3,Tail,150,Yes
12001,1,,0,Head,50,
12002,1,,3,Tail,150,
12003,1,,0,Tail,200,
12004,1,,0,Head,50,
12005,1,,3,Tail,150,
12006,1,,3,Tail,120,
12007,1,,1,Tail,95,
12008,1,,0,Tail,50,
12009,1,,0,Head,50,
12010,1,,5,Head,0,
12011,1,,0,Tail,50,
12012,1,,1,Head,50,
12014,1,,1,Tail,95,
12015,1,,3,Tail,150,
12016,1,,2,Head,40,
12017,1,,2,Tail,120,
12018,1,,2,Head,40,
12019,1,,0,Head,50,
12020,1,,3,Tail,150,
12021,1,,3,Tail,150,
12022,1,,2,Tail,120,
12023,1,,3,Head,30,
12024,1,,5,Tail,200,
12025,1,,0,Tail,50,
12026,1,,3,Head,30,
12027,1,,5,Tail,200,
12028,1,,2,Tail,120,
12029,1,,2,Tail,120,
12030,1,,1,Tail,95,
12031,1,,0,Head,50,
12032,1,,4,Head,10,
12033,1,,2,Tail,120,
12034,1,,2,Head,40,
12035,1,,4,Head,10,
12036,1,,3,Tail,150,
12037,1,,2,Tail,120,
12039,6,0,2,Tail,120,Yes
12040,2,,4,Tail,190,
12043,2,,3,Tail,150,
12044,1,,2,Tail,120,
13001,1,,3,Tail,150,
13002,1,,4,Head,10,
13003,1,,2,Tail,120,
13004,1,,1,Head,45,
13005,1,,3,Tail,150,
13006,1,,3,Head,30,
13007,1,,1,Tail,95,
13008,1,,5,Tail,200,
13009,1,,4,Tail,190,
13010,1,,2,Head,40,
13011,1,,1,Head,50,
13012,1,,3,Tail,150,
13013,1,,4,Head,10,
13014,1,,3,Tail,150,
13015,1,,1,Tail,95,
13016,1,,2,Head,40,
13017,1,,4,Head,10,
13018,1,,3,Head,30,
13019,1,,3,Tail,150,
13020,1,,2,Head,40,
13021,1,,3,Tail,150,
13022,1,,2,Head,40,
13023,1,,3,Tail,150,
13025,1,,1,Head,45,
13026,1,,1,Tail,95,
13028,1,,2,Tail,120,
13029,1,,5,Tail,200,
13030,1,,4,Head,10,
13031,6,0,3,Tail,150,Yes
13033,6,0,3,Tail,150,Yes
13035,1,,1,Tail,40,
13036,1,,1,Head,45,
13038,4,0,4,Tail,190,Yes
14001,1,,4,Tail,190,
14002,1,,2,Tail,120,
14003,1,,1,Head,45,
14004,1,,2,Tail,120,
14005,1,,0,Tail,50,
14006,1,,3,Tail,150,
14007,1,,5,Tail,200,
14007,4,0,2,Tail,120,Yes
14008,1,,2,Tail,120,
14009,1,,0,Tail,50,
14010,1,,4,Tail,150,
14011,1,,4,Head,10,
14012,1,,0,Tail,50,
14013,1,,0,Tail,50,
14014,1,,0,Tail,50,
14015,1,,3,Tail,150,
14016,1,,0,Tail,50,
14017,1,,5,Tail,200,
14018,1,,5,Tail,0,
14019,1,,4,Tail,190,
14020,1,,3,Tail,150,
14021,1,,0,Tail,50,
14022,1,,1,Tail,95,
14023,1,,2,Tail,120,
14024,1,,0,Tail,50,
14025,1,,5,Tail,200,
14026,1,,3,Tail,190,
14027,1,,0,Head,0,
14028,1,,4,Tail,190,
14029,1,,0,Head,50,
14030,1,,0,Tail,50,
14031,1,,1,Tail,95,
14033,1,,3,Tail,200,
14035,1,,0,Tail,50,
14037,1,,1,Tail,95,
14038,1,,3,Head,30,
14039,1,,3,Tail,120,
14040,1,,3,Head,30,
14041,1,,0,Tail,50,
14043,1,,4,Head,10,
14044,1,,3,Tail,120,
14045,1,,2,Tail,120,
14046,1,,0,Head,50,
14048,1,,0,Head,50,
14049,1,,3,Tail,150,
14050,1,,0,Tail,50,
14051,1,,2,Head,40,
14052,1,,0,Head,50,
14053,1,,0,Head,50,
14053,6,0,5,Tail,200,Yes
14054,1,,1,Tail,95,
14055,5,0,2,Head,40,Yes
14056,1,,4,Tail,190,
14057,1,,0,Tail,50,
14058,1,,3,Tail,150,
14059,1,,3,Head,30,
14060,1,,0,Tail,50,
14061,1,,5,Head,0,
14062,1,,3,Tail,150,
14064,1,,2,Head,40,
14065,1,,0,Head,50,
14066,1,,0,Head,50,
14067,1,,2,Head,40,
14068,1,,3,Head,30,
14069,1,,5,Tail,200,
14071,1,,2,Head,40,
14073,1,,0,Head,50,
14074,1,,0,Head,50,
14075,1,,5,Head,0,
14076,1,,0,Head,50,
14077,1,,3,Tail,150,
14078,1,,2,Tail,120,
14081,1,,2,Tail,120,
14082,1,,1,Tail,50,
14083,1,,0,Head,50,
14085,1,,4,Tail,190,
14085,5,0,2,Head,40,Yes
14086,1,,0,Tail,50,
14087,1,,5,Head,0,
14088,1,,1,Tail,95,
14089,1,,5,Tail,200,
14090,1,,0,Head,50,
14091,1,,2,Head,40,
14092,1,,1,Tail,95,
14094,1,,0,Head,50,
14095,1,,0,Tail,50,
14096,1,,3,Tail,150,
14097,1,,3,Tail,150,
14098,1,,4,Head,10,
14099,1,,5,Tail,200,
14100,1,,0,Head,50,
14101,4,0,3,Tail,150,Yes
14102,4,0,0,Tail,50,Yes
14103,1,,2,Head,40,
14104,1,,2,Tail,120,
14105,1,,0,Tail,50,
14106,1,,2,Head,40,
14108,1,,0,Head,50,
14109,1,,4,Tail,190,
14110,1,,2,Tail,120,
14111,1,,5,Head,0,
14112,1,,5,Tail,200,
14113,1,,5,Head,0,
14114,1,,3,Tail,150,
14115,1,,5,Tail,200,
14116,1,,0,Tail,50,
14117,3,0,4,Tail,190,Yes
14118,3,0,1,Tail,95,Yes
14120,3,0,3,Tail,150,Yes
14121,3,0,5,Tail,200,Yes
14122,4,0,2,Tail,120,Yes
14124,2,,3,Tail,150,
14125,2,,0,Tail,50,
14129,2,,2,Head,40,
14130,3,0,5,Tail,200,Yes
14133,6,0,3,Tail,150,Yes
14134,4,0,1,Head,45,Yes
14137,4,0,2,Tail,120,Yes
14138,4,0,0,Head,50,Yes
15001,1,,5,Tail,200,
15002,1,,0,Tail,50,
15003,1,,5,Head,0,
15005,1,,4,Tail,190,
15006,1,,0,Head,50,
15007,1,,4,Tail,190,
15008,1,,0,Tail,50,
15009,1,,1,Tail,95,
15010,1,,3,Tail,150,
15012,1,,2,Tail,120,
15013,1,,0,Head,50,
15014,1,,0,Tail,50,
15016,1,,2,Tail,95,
15018,1,,5,Head,0,
15019,1,,5,Head,0,
15020,1,,0,Head,50,
15021,1,,3,Tail,150,
15022,1,,0,Head,50,
15023,1,,3,Tail,150,
15024,1,,0,Head,50,
15025,1,,0,Head,50,
15026,1,,3,Tail,150,
15027,1,,5,Tail,200,
15028,1,,3,Head,30,
15029,1,,0,Head,50,
15030,1,,5,Tail,200,
15031,1,,3,Tail,150,
15033,1,,2,Tail,120,
15034,1,,0,Head,50,
15035,1,,3,Tail,150,
15036,1,,0,Tail,150,
15037,1,,0,Head,50,
15038,1,,5,Tail,200,
15039,1,,1,Tail,95,
15040,1,,0,Head,50,
15041,1,,2,Tail,95,
15042,1,,3,Tail,150,
15044,1,,5,Tail,200,
15046,1,,3,Tail,150,
15047,1,,2,Tail,120,
15048,1,,0,Head,50,
15049,3,0,5,Tail,200,Yes
15050,1,,2,Tail,120,
15052,4,0,3,Tail,150,Yes
15058,6,0,5,Tail,200,Yes
16001,1,,0,Head,50,
16001,6,0,.b,Head,.b,.b
16002,1,,1,Tail,95,
16003,1,,2,Tail,120,
16003,4,0,0,Tail,50,Yes
16004,1,,3,Head,30,
16005,1,,3,Head,30,
16006,1,,0,Head,50,
16007,1,,4,Tail,190,
16008,1,,4,Tail,190,
16009,1,,2,Tail,120,
16010,1,,5,Head,0,
16011,1,,2,Head,40,
16012,1,,3,Head,30,
16013,1,,5,Tail,200,
16014,1,,5,Head,0,
16015,1,,3,Tail,150,
16016,1,,3,Tail,150,
16017,1,,3,Tail,150,
16017,6,0,.b,.b,.b,.b
16018,1,,3,Tail,150,
16019,1,,5,Tail,200,
16020,1,,3,Tail,150,
16021,1,,3,Tail,150,
16022,1,,5,Tail,200,
16023,1,,2,Tail,120,
16024,1,,4,Tail,190,
16025,1,,0,Head,50,
16026,1,,3,Head,30,
16027,1,,5,Tail,200,
16028,1,,5,Head,0,
16029,1,,5,Tail,200,
16030,1,,3,Tail,150,
16031,1,,3,Head,30,
16032,1,,0,Head,50,
16033,1,,5,Head,0,
16034,1,,2,Head,120,
16035,1,,1,Tail,95,
16036,1,,0,Head,50,
16037,1,,2,Head,40,
16038,1,,0,Head,50,
16039,1,,3,Tail,50,
16040,1,,5,Tail,200,
16041,1,,2,Head,40,
16042,1,,4,Tail,190,
16043,1,,1,Head,45,
16044,1,,2,Tail,150,
16045,1,,0,Head,50,
16046,1,,5,Head,0,
16047,1,,3,Tail,150,
16048,3,0,3,Tail,150,Yes
16049,3,0,5,Tail,200,Yes
16050,3,0,4,Tail,190,Yes
16051,2,,1,Tail,95,
16052,3,0,5,Head,0,Yes
16053,2,,4,Tail,190,
16060,6,0,5,Head,0,.b
16061,6,0,3,Tail,150,Yes
16063,5,0,0,Head,50,Yes
16066,5,0,5,Tail,200,Yes
