hhid,round,comment,s17q1,s17q7,s17q2,s17q11,s17q12,s17q13,s17q8,s17q9,s17q3,s17q4,s17q5,s17q6,s17q10
1002,5,0,somewhat valuable,No,No,,,Yes,1,No,,,,,
1003,5,0,very valuable,Yes,No,,,No,,,,,Yes,somewhat more willing,was not informed early enough
1004,5,0,somewhat valuable,No,No,,,No,,,,,No,,
1005,5,0,I don't know,Yes,Yes,very helpful,somewhat more willing,,,,,,,,
1006,5,0,somewhat valuable,No,No,,,No,,,,,No,,
1007,5,0,somewhat valuable,Yes,Yes,very helpful,much more willing,,,,,,,,
1008,5,0,somewhat valuable,Yes,Yes,very helpful,much more willing,,,,,,,,
1009,5,0,very valuable,Yes,Yes,very helpful,much more willing,,,,,,,,
1010,5,0,very valuable,Yes,Yes,somewhat helpful,somewhat more willing,,,,,,,,
1011,5,0,very valuable,No,No,,,No,,,,,No,,
1012,5,0,somewhat valuable,Yes,Yes,somewhat helpful,somewhat more willing,,,,,,,,
1013,5,0,very valuable,Yes,Yes,very helpful,much more willing,,,,,,,,
1014,5,0,very valuable,Yes,Yes,very helpful,somewhat more willing,,,,,,,,
1015,5,0,somewhat valuable,Yes,Yes,very helpful,much more willing,,,,,,,,
1016,5,0,very valuable,Yes,Yes,very helpful,much more willing,,,,,,,,
1017,5,0,very valuable,Yes,Yes,very helpful,much more willing,,,,,,,,
1018,5,0,I don't know,Yes,Yes,very helpful,much more willing,,,,,,,,
1019,5,0,very valuable,Yes,Yes,very helpful,much more willing,,,,,,,,
1021,5,0,very valuable,Yes,Yes,somewhat helpful,somewhat more willing,,,,,,,,
1022,5,0,very valuable,Yes,Yes,very helpful,much more willing,,,,,,,,
1023,5,0,somewhat valuable,Yes,No,,,No,,,,,Yes,much more willing,had more important issues to attend
1024,5,0,very valuable,Yes,Yes,very helpful,much more willing,,,,,,,,
1025,5,0,very valuable,Yes,Yes,very helpful,somewhat more willing,,,,,,,,
1026,5,0,somewhat valuable,Yes,No,,,Yes,1,Yes,very helpful,much more willing,,,
1027,5,0,very valuable,Yes,Yes,somewhat helpful,much more willing,,,,,,,,
1029,5,0,I don't know,Yes,Yes,somewhat helpful,much more willing,,,,,,,,
1031,5,0,very valuable,Yes,Yes,very helpful,much more willing,,,,,,,,
1032,5,0,very valuable,Yes,Yes,very helpful,much more willing,,,,,,,,
1033,5,0,very valuable,Yes,Yes,very helpful,much more willing,,,,,,,,
1034,5,0,no value,No,No,,,No,,,,,No,,
1035,5,0,very valuable,Yes,Yes,not helpful,somewhat more willing,,,,,,,,
1036,5,0,very valuable,No,No,,,No,,,,,No,,
1037,5,0,very valuable,Yes,Yes,very helpful,much more willing,,,,,,,,
1038,5,0,somewhat valuable,No,No,,,No,,,,,No,,
1039,5,0,very valuable,No,No,,,No,,,,,No,,
1042,5,0,I don't know,Yes,No,,,No,,,,,No,,had more important issues to attend
1043,5,0,very valuable,Yes,Yes,very helpful,much more willing,,,,,,,,
1045,5,0,somewhat valuable,Yes,Yes,somewhat helpful,somewhat more willing,,,,,,,,
1047,5,0,very valuable,Yes,Yes,very helpful,somewhat more willing,,,,,,,,
2001,5,0,I don't know,Yes,No,,,No,,,,,Yes,somewhat more willing,was not informed early enough
2002,5,0,very valuable,No,No,,,No,,,,,No,,
2004,5,0,very valuable,No,No,,,No,,,,,No,,
2005,5,0,very valuable,Yes,Yes,very helpful,much more willing,,,,,,,,
2007,5,0,very valuable,Yes,No,,,No,,,,,Yes,somewhat more willing,was not informed early enough
2008,5,0,very valuable,Yes,Yes,somewhat helpful,much more willing,,,,,,,,
2009,5,0,very valuable,Yes,Yes,very helpful,much more willing,,,,,,,,
2010,5,0,I don't know,Yes,No,,,No,,,,,Yes,much more willing,had more important issues to attend
2011,5,0,somewhat valuable,Yes,Yes,somewhat helpful,less willing,,,,,,,,
2012,5,0,very valuable,No,No,,,No,,,,,No,,
2013,5,0,very valuable,No,No,,,No,,,,,Yes,much more willing,
2015,5,0,very valuable,No,No,,,No,,,,,No,,
2016,5,0,very valuable,Yes,Yes,very helpful,much more willing,,,,,,,,
2018,5,0,very valuable,No,No,,,No,,,,,No,,
2019,5,0,very valuable,No,No,,,No,,,,,No,,
2020,5,0,very valuable,Yes,Yes,very helpful,much more willing,,,,,,,,
2021,5,0,I don't know,Yes,No,,,No,,,,,Yes,somewhat more willing,was not informed early enough
2022,5,0,very valuable,Yes,No,,,No,,,,,Yes,much more willing,was not informed early enough
2023,5,0,very valuable,Yes,Yes,very helpful,much more willing,,,,,,,,
2024,5,0,somewhat valuable,Yes,Yes,very helpful,much more willing,,,,,,,,
2025,5,0,very valuable,No,No,,,No,,,,,No,,
2026,5,0,very valuable,Yes,No,,,No,,,,,Yes,much more willing,had more important issues to attend
2027,5,0,very valuable,No,No,,,No,,,,,No,,
2028,5,0,very valuable,No,No,,,No,,,,,No,,
2029,5,0,somewhat valuable,No,No,,,No,,,,,No,,
2030,5,0,somewhat valuable,Yes,No,,,No,,,,,Yes,somewhat more willing,had more important issues to attend
2031,5,0,somewhat valuable,No,No,,,No,,,,,No,,
2032,5,0,I don't know,No,No,,,No,,,,,No,,
2033,5,0,very valuable,No,No,,,No,,,,,Yes,much more willing,
2034,5,0,I don't know,No,Yes,somewhat helpful,less willing,,,,,,,,
2035,5,0,very valuable,No,No,,,No,,,,,Yes,much more willing,
2036,5,0,somewhat valuable,No,No,,,No,,,,,Yes,much more willing,
2037,5,0,very valuable,No,No,,,No,,,,,No,,
2038,5,0,somewhat valuable,Yes,Yes,very helpful,somewhat more willing,,,,,,,,
2039,5,0,very valuable,Yes,Yes,very helpful,much more willing,,,,,,,,
2040,5,0,very valuable,Yes,No,,,Yes,1,No,,,,,
2041,5,0,somewhat valuable,No,No,,,No,,,,,No,,
2043,5,0,very valuable,Yes,Yes,very helpful,somewhat more willing,,,,,,,,
2044,5,0,very valuable,Yes,Yes,very helpful,somewhat more willing,,,,,,,,
2045,5,0,very valuable,Yes,Yes,very helpful,somewhat more willing,,,,,,,,
2046,5,0,very valuable,Yes,Yes,very helpful,much more willing,,,,,,,,
2047,5,0,very valuable,Yes,Yes,very helpful,much more willing,,,,,,,,
2048,5,0,very valuable,Yes,Yes,very helpful,much more willing,,,,,,,,
2049,5,0,somewhat valuable,Yes,Yes,very helpful,much more willing,,,,,,,,
2050,5,0,I don't know,No,No,,,No,,,,,No,,
2051,5,0,very valuable,Yes,Yes,somewhat helpful,much more willing,,,,,,,,
2052,5,0,somewhat valuable,No,No,,,No,,,,,No,,
2053,5,0,somewhat valuable,Yes,Yes,very helpful,somewhat more willing,,,,,,,,
2054,5,0,very valuable,Yes,No,,,Yes,1,No,,,,,
2055,5,0,very valuable,No,No,,,No,,,,,No,,
2056,5,0,somewhat valuable,No,No,,,No,,,,,No,,
2057,5,0,very valuable,Yes,Yes,very helpful,much more willing,,,,,,,,
2059,5,0,very valuable,Yes,No,,,No,,,,,Yes,somewhat more willing,had more important issues to attend
2060,5,0,very valuable,Yes,Yes,very helpful,much more willing,,,,,,,,
2061,5,0,very valuable,Yes,Yes,very helpful,much more willing,,,,,,,,
2062,5,0,very valuable,Yes,No,,,No,,,,,No,,was not informed early enough
2063,5,0,very valuable,Yes,No,,,No,,,,,No,,had more important issues to attend
2065,5,0,very valuable,Yes,Yes,very helpful,much more willing,,,,,,,,
2066,5,0,somewhat valuable,Yes,Yes,somewhat helpful,much more willing,,,,,,,,
2068,5,0,very valuable,Yes,Yes,somewhat helpful,somewhat more willing,,,,,,,,
2069,5,0,very valuable,Yes,No,,,Yes,3,Yes,very helpful,much more willing,,,
2070,5,0,very valuable,Yes,No,,,No,,,,,Yes,much more willing,had more important issues to attend
2071,5,0,very valuable,Yes,No,,,Yes,1,Yes,very helpful,much more willing,,,
2072,5,0,somewhat valuable,No,No,,,No,,,,,No,,
2073,5,0,very valuable,Yes,Yes,very helpful,somewhat more willing,,,,,,,,
2074,5,0,somewhat valuable,No,No,,,No,,,,,No,,
2075,5,0,somewhat valuable,No,No,,,No,,,,,No,,
2076,5,0,very valuable,Yes,No,,,No,,,,,No,,had more important issues to attend
2077,5,0,somewhat valuable,No,No,,,No,,,,,No,,
2078,5,0,very valuable,Yes,Yes,very helpful,much more willing,,,,,,,,
2079,5,0,very valuable,Yes,Yes,very helpful,much more willing,,,,,,,,
2080,5,0,somewhat valuable,No,No,,,No,,,,,No,,
2081,5,0,very valuable,Yes,Yes,very helpful,much more willing,,,,,,,,
2082,5,0,I don't know,No,No,,,No,,,,,No,,
2083,5,0,somewhat valuable,No,No,,,No,,,,,Yes,I don't know,
2084,5,0,very valuable,Yes,Yes,very helpful,much more willing,,,,,,,,
2086,5,0,very valuable,No,No,,,No,,,,,No,,
2088,5,0,very valuable,Yes,No,,,Yes,6,Yes,very helpful,much more willing,,,
2089,5,0,very valuable,Yes,Yes,somewhat helpful,somewhat more willing,,,,,,,,
2090,5,0,somewhat valuable,Yes,No,,,No,,,,,No,,had more important issues to attend
2091,5,0,very valuable,Yes,Yes,somewhat helpful,much more willing,,,,,,,,
2092,5,0,somewhat valuable,No,No,,,No,,,,,No,,
2093,5,0,I don't know,Yes,No,,,No,,,,,Yes,somewhat more willing,was not informed early enough
2094,5,0,very valuable,Yes,Yes,very helpful,much more willing,,,,,,,,
2095,5,0,,,,,,,,,,,,,
2096,5,0,very valuable,Yes,Yes,very helpful,much more willing,,,,,,,,
2097,5,0,very valuable,Yes,No,,,No,,,,,Yes,somewhat more willing,was not informed early enough
2098,5,0,very valuable,No,No,,,No,,,,,No,,
2099,5,0,somewhat valuable,Yes,Yes,very helpful,much more willing,,,,,,,,
2102,5,0,very valuable,Yes,Yes,very helpful,much more willing,,,,,,,,
2103,5,0,very valuable,No,No,,,No,,,,,No,,
2106,5,0,very valuable,Yes,Yes,very helpful,much more willing,,,,,,,,
2110,5,0,I don't know,Yes,No,,,Yes,5,Yes,very helpful,much more willing,,,
2111,5,0,very valuable,Yes,Yes,very helpful,much more willing,,,,,,,,
2112,5,0,very valuable,No,No,,,No,,,,,Yes,much more willing,
2114,5,0,somewhat valuable,Yes,No,,,No,,,,,No,,had more important issues to attend
2126,5,0,somewhat valuable,Yes,No,,,No,,,,,Yes,much more willing,had more important issues to attend
3001,5,0,very valuable,Yes,Yes,not helpful,I don't know,,,,,,,,
3002,5,0,very valuable,Yes,Yes,very helpful,much more willing,,,,,,,,
3003,5,0,very valuable,Yes,Yes,very helpful,much more willing,,,,,,,,
3006,5,0,very valuable,No,No,,,No,,,,,No,,
3007,5,0,very valuable,Yes,Yes,very helpful,much more willing,,,,,,,,
3008,5,0,very valuable,Yes,Yes,very helpful,much more willing,,,,,,,,
3009,5,0,somewhat valuable,Yes,Yes,very helpful,much more willing,,,,,,,,
3010,5,0,very valuable,Yes,Yes,very helpful,somewhat more willing,,,,,,,,
3011,5,0,very valuable,Yes,No,,,Yes,1,Yes,very helpful,somewhat more willing,,,
3012,5,0,somewhat valuable,Yes,Yes,very helpful,much more willing,,,,,,,,
3013,5,0,very valuable,Yes,No,,,Yes,2,Yes,very helpful,much more willing,,,
3015,5,0,very valuable,Yes,Yes,very helpful,much more willing,,,,,,,,
3016,5,0,very valuable,Yes,Yes,somewhat helpful,somewhat more willing,,,,,,,,
3018,5,0,very valuable,Yes,Yes,very helpful,much more willing,,,,,,,,
3019,5,0,very valuable,Yes,Yes,very helpful,much more willing,,,,,,,,
3020,5,0,very valuable,Yes,Yes,very helpful,much more willing,,,,,,,,
3021,5,0,very valuable,Yes,Yes,very helpful,much more willing,,,,,,,,
3022,5,0,very valuable,Yes,Yes,very helpful,much more willing,,,,,,,,
3023,5,0,somewhat valuable,Yes,No,,,Yes,1,No,,,,,
3024,5,0,somewhat valuable,Yes,Yes,not helpful,somewhat more willing,,,,,,,,
3026,5,0,very valuable,Yes,Yes,very helpful,much more willing,,,,,,,,
3027,5,0,very valuable,Yes,Yes,very helpful,much more willing,,,,,,,,
3028,5,0,very valuable,Yes,Yes,very helpful,much more willing,,,,,,,,
3029,5,0,very valuable,Yes,Yes,very helpful,somewhat more willing,,,,,,,,
3030,5,0,very valuable,Yes,Yes,very helpful,much more willing,,,,,,,,
3031,5,0,very valuable,Yes,No,,,Yes,3,Yes,very helpful,much more willing,,,
3033,5,0,very valuable,Yes,No,,,Yes,3,Yes,very helpful,much more willing,,,
3034,5,0,very valuable,No,No,,,No,,,,,No,,
3035,5,0,somewhat valuable,No,No,,,Yes,1,No,,,,,
3041,5,0,very valuable,Yes,Yes,very helpful,much more willing,,,,,,,,
4001,5,0,very valuable,No,No,,,No,,,,,No,,
4002,5,0,very valuable,No,No,,,No,,,,,No,,
4004,5,0,very valuable,No,No,,,No,,,,,No,,
4005,5,0,I don't know,Yes,Yes,somewhat helpful,somewhat more willing,,,,,,,,
4007,5,0,very valuable,Yes,Yes,very helpful,much more willing,,,,,,,,
4010,5,0,very valuable,Yes,No,,,Yes,1,No,,,,,
4011,5,0,I don't know,Yes,No,,,No,,,,,Yes,somewhat more willing,had more important issues to attend
4013,5,0,very valuable,No,No,,,No,,,,,No,,
4014,5,0,I don't know,No,No,,,No,,,,,No,,
4019,5,0,very valuable,No,No,,,No,,,,,No,,
4020,5,0,I don't know,Yes,No,,,No,,,,,No,,had more important issues to attend
4021,5,0,somewhat valuable,Yes,Yes,somewhat helpful,much more willing,,,,,,,,
4022,5,0,I don't know,No,No,,,No,,,,,No,,
4023,5,0,somewhat valuable,No,No,,,No,,,,,No,,
4024,5,0,I don't know,No,No,,,No,,,,,No,,
4025,5,0,very valuable,Yes,Yes,very helpful,much more willing,,,,,,,,
4026,5,0,very valuable,Yes,Yes,very helpful,much more willing,,,,,,,,
4027,5,0,very valuable,Yes,Yes,very helpful,much more willing,,,,,,,,
4028,5,0,I don't know,Yes,No,,,No,,,,,No,,had more important issues to attend
4029,5,0,somewhat valuable,Yes,Yes,somewhat helpful,somewhat more willing,,,,,,,,
4030,5,0,somewhat valuable,Yes,Yes,very helpful,much more willing,,,,,,,,
4031,5,0,very valuable,Yes,Yes,very helpful,much more willing,,,,,,,,
4032,5,0,very valuable,Yes,Yes,very helpful,much more willing,,,,,,,,
4033,5,0,very valuable,Yes,Yes,very helpful,much more willing,,,,,,,,
4035,5,0,very valuable,No,No,,,No,,,,,No,,
4037,5,0,very valuable,No,No,,,No,,,,,Yes,much more willing,
4038,5,0,very valuable,Yes,Yes,somewhat helpful,less willing,,,,,,,,
4039,5,0,somewhat valuable,No,No,,,No,,,,,No,,
4040,5,0,very valuable,Yes,Yes,very helpful,somewhat more willing,,,,,,,,
4041,5,0,somewhat valuable,Yes,Yes,very helpful,somewhat more willing,,,,,,,,
4042,5,0,very valuable,Yes,Yes,very helpful,much more willing,,,,,,,,
4043,5,0,I don't know,No,No,,,No,,,,,Yes,I don't know,
4044,5,0,somewhat valuable,No,No,,,No,,,,,No,,
4045,5,0,very valuable,Yes,Yes,very helpful,much more willing,,,,,,,,
4048,5,0,somewhat valuable,No,No,,,No,,,,,No,,
4049,5,0,I don't know,Yes,Yes,not helpful,less willing,,,,,,,,
4050,5,0,very valuable,No,No,,,No,,,,,No,,
4051,5,0,I don't know,No,No,,,No,,,,,No,,
4052,5,0,no value,Yes,Yes,not helpful,less willing,,,,,,,,
4053,5,0,very valuable,Yes,Yes,very helpful,much more willing,,,,,,,,
4054,5,0,very valuable,Yes,Yes,very helpful,much more willing,,,,,,,,
4055,5,0,somewhat valuable,Yes,No,,,No,,,,,No,,had more important issues to attend
4056,5,0,very valuable,Yes,Yes,very helpful,much more willing,,,,,,,,
4057,5,0,I don't know,No,No,,,No,,,,,No,,
4058,5,0,somewhat valuable,Yes,Yes,somewhat helpful,somewhat more willing,,,,,,,,
4059,5,0,very valuable,Yes,Yes,very helpful,much more willing,,,,,,,,
4060,5,0,very valuable,No,No,,,No,,,,,No,,
4062,5,0,somewhat valuable,Yes,Yes,somewhat helpful,somewhat more willing,,,,,,,,
4063,5,0,very valuable,No,No,,,No,,,,,No,,
4064,5,0,somewhat valuable,Yes,Yes,very helpful,somewhat more willing,,,,,,,,
4066,5,0,I don't know,Yes,Yes,not helpful,less willing,,,,,,,,
4068,5,0,very valuable,Yes,Yes,very helpful,much more willing,,,,,,,,
4069,5,0,very valuable,Yes,Yes,very helpful,much more willing,,,,,,,,
4070,5,0,very valuable,Yes,Yes,very helpful,much more willing,,,,,,,,
4071,5,0,very valuable,Yes,Yes,very helpful,much more willing,,,,,,,,
4073,5,0,very valuable,Yes,No,,,No,,,,,Yes,much more willing,had more important issues to attend
4074,5,0,I don't know,No,No,,,No,,,,,No,,
4075,5,0,very valuable,Yes,No,,,No,,,,,Yes,much more willing,had more important issues to attend
4076,5,0,I don't know,Yes,Yes,somewhat helpful,somewhat more willing,,,,,,,,
4078,5,0,very valuable,Yes,Yes,very helpful,much more willing,,,,,,,,
4079,5,0,I don't know,No,No,,,No,,,,,No,,
4082,5,0,somewhat valuable,Yes,No,,,Yes,1,Yes,somewhat helpful,much more willing,,,
4083,5,0,very valuable,Yes,Yes,very helpful,much more willing,,,,,,,,
4084,5,0,somewhat valuable,No,No,,,No,,,,,No,,
4086,5,0,very valuable,Yes,Yes,very helpful,much more willing,,,,,,,,
4087,5,0,very valuable,Yes,Yes,very helpful,much more willing,,,,,,,,
4089,5,0,very valuable,Yes,Yes,somewhat helpful,much more willing,,,,,,,,
4090,5,0,I don't know,Yes,Yes,I don't know,somewhat more willing,,,,,,,,
4091,5,0,somewhat valuable,Yes,No,,,No,,,,,Yes,much more willing,had more important issues to attend
4095,5,0,very valuable,Yes,Yes,very helpful,much more willing,,,,,,,,
4103,5,0,I don't know,No,No,,,No,,,,,No,,
4107,5,0,very valuable,Yes,No,,,Yes,2,Yes,very helpful,much more willing,,,
4108,5,0,very valuable,Yes,Yes,very helpful,much more willing,,,,,,,,
4110,5,0,very valuable,Yes,Yes,somewhat helpful,somewhat more willing,,,,,,,,
4111,5,0,I don't know,Yes,No,,,No,,,,,No,,had more important issues to attend
5001,5,0,I don't know,No,No,,,No,,,,,No,,
5002,5,0,I don't know,No,No,,,No,,,,,No,,
5005,5,0,somewhat valuable,Yes,Yes,very helpful,much more willing,,,,,,,,
5008,5,0,I don't know,Yes,Yes,somewhat helpful,somewhat more willing,,,,,,,,
5009,5,0,very valuable,Yes,Yes,very helpful,much more willing,,,,,,,,
5010,5,0,somewhat valuable,Yes,Yes,very helpful,much more willing,,,,,,,,
5011,5,0,somewhat valuable,Yes,Yes,somewhat helpful,less willing,,,,,,,,
5012,5,0,I don't know,Yes,Yes,I don't know,I don't know,,,,,,,,
5013,5,0,very valuable,Yes,Yes,very helpful,much more willing,,,,,,,,
5015,5,0,somewhat valuable,Yes,Yes,somewhat helpful,somewhat more willing,,,,,,,,
5016,5,0,I don't know,Yes,No,,,No,,,,,Yes,somewhat more willing,the venue too far from my home
5018,5,0,I don't know,Yes,Yes,I don't know,somewhat more willing,,,,,,,,
5019,5,0,I don't know,No,No,,,No,,,,,No,,
5020,5,0,I don't know,No,No,,,No,,,,,No,,
5021,5,0,very valuable,No,No,,,No,,,,,Yes,much more willing,
5022,5,0,somewhat valuable,No,No,,,No,,,,,No,,
5024,5,0,I don't know,No,No,,,No,,,,,No,,
5030,5,0,somewhat valuable,Yes,No,,,No,,,,,Yes,somewhat more willing,had more important issues to attend
5031,5,0,I don't know,No,No,,,No,,,,,No,,
5037,5,0,somewhat valuable,Yes,Yes,somewhat helpful,somewhat more willing,,,,,,,,
5038,5,0,very valuable,No,No,,,No,,,,,No,,
5041,5,0,I don't know,No,No,,,No,,,,,No,,
5043,5,0,I don't know,No,No,,,No,,,,,No,,
5045,5,0,somewhat valuable,Yes,Yes,somewhat helpful,somewhat more willing,,,,,,,,
5046,5,0,I don't know,Yes,Yes,somewhat helpful,less willing,,,,,,,,
5047,5,0,very valuable,Yes,No,,,No,,,,,Yes,somewhat more willing,was not informed early enough
5049,5,0,very valuable,Yes,Yes,very helpful,somewhat more willing,,,,,,,,
5050,5,0,somewhat valuable,Yes,Yes,somewhat helpful,much more willing,,,,,,,,
5051,5,0,very valuable,Yes,No,,,No,,,,,Yes,much more willing,the venue too far from my home
5052,5,0,very valuable,Yes,Yes,very helpful,somewhat more willing,,,,,,,,
5053,5,0,very valuable,Yes,Yes,very helpful,much more willing,,,,,,,,
5054,5,0,very valuable,Yes,Yes,very helpful,much more willing,,,,,,,,
5055,5,0,somewhat valuable,Yes,Yes,somewhat helpful,somewhat more willing,,,,,,,,
5056,5,0,I don't know,Yes,Yes,somewhat helpful,somewhat more willing,,,,,,,,
5057,5,0,somewhat valuable,Yes,Yes,somewhat helpful,much more willing,,,,,,,,
5061,5,0,very valuable,Yes,Yes,very helpful,much more willing,,,,,,,,
5066,5,0,I don't know,Yes,No,,,No,,,,,No,,was not informed early enough
5068,5,0,I don't know,No,No,,,No,,,,,No,,
5070,5,0,somewhat valuable,No,No,,,No,,,,,Yes,somewhat more willing,
5072,5,0,I don't know,No,No,,,No,,,,,No,,
5073,5,0,very valuable,Yes,Yes,not helpful,less willing,,,,,,,,
5075,5,0,very valuable,Yes,No,,,Yes,1,Yes,very helpful,much more willing,,,
5077,5,0,I don't know,No,No,,,No,,,,,Yes,I don't know,
5082,5,0,very valuable,Yes,Yes,very helpful,much more willing,,,,,,,,
5084,5,0,I don't know,No,No,,,No,,,,,No,,
5086,5,0,very valuable,Yes,Yes,very helpful,much more willing,,,,,,,,
5088,5,0,no value,Yes,No,,,No,,,,,No,,had more important issues to attend
5089,5,0,somewhat valuable,No,No,,,No,,,,,No,,
5093,5,0,very valuable,Yes,Yes,very helpful,much more willing,,,,,,,,
5094,5,0,no value,Yes,Yes,not helpful,less willing,,,,,,,,
5096,5,0,I don't know,Yes,Yes,I don't know,less willing,,,,,,,,
6001,5,0,I don't know,No,No,,,No,,,,,No,,
6002,5,0,I don't know,Yes,No,,,No,,,,,Yes,somewhat more willing,was not informed early enough
6004,5,0,I don't know,Yes,No,,,No,,,,,Yes,less willing,had more important issues to attend
6005,5,0,I don't know,Yes,No,,,No,,,,,Yes,less willing,had more important issues to attend
6007,5,0,very valuable,Yes,Yes,somewhat helpful,somewhat more willing,,,,,,,,
6008,5,0,somewhat valuable,Yes,Yes,very helpful,much more willing,,,,,,,,
6009,5,0,I don't know,Yes,No,,,No,,,,,Yes,somewhat more willing,had more important issues to attend
6010,5,0,very valuable,Yes,Yes,somewhat helpful,somewhat more willing,,,,,,,,
6011,5,0,very valuable,Yes,No,,,No,,,,,Yes,much more willing,had more important issues to attend
6013,5,0,somewhat valuable,Yes,Yes,very helpful,much more willing,,,,,,,,
6014,5,0,somewhat valuable,Yes,Yes,very helpful,much more willing,,,,,,,,
6015,5,0,very valuable,Yes,Yes,very helpful,much more willing,,,,,,,,
6016,5,0,I don't know,Yes,No,,,No,,,,,Yes,somewhat more willing,was not informed early enough
6018,5,0,somewhat valuable,Yes,No,,,No,,,,,Yes,somewhat more willing,had more important issues to attend
6019,5,0,very valuable,Yes,No,,,No,,,,,Yes,somewhat more willing,had more important issues to attend
6020,5,0,very valuable,Yes,Yes,somewhat helpful,much more willing,,,,,,,,
6021,5,0,somewhat valuable,Yes,Yes,very helpful,much more willing,,,,,,,,
6022,5,0,very valuable,No,No,,,No,,,,,No,,
6023,5,0,somewhat valuable,Yes,Yes,somewhat helpful,somewhat more willing,,,,,,,,
6024,5,0,I don't know,Yes,No,,,No,,,,,Yes,I don't know,was not informed early enough
6026,5,0,,,,,,,,,,,,,
6027,5,0,somewhat valuable,Yes,Yes,very helpful,much more willing,,,,,,,,
6028,5,0,very valuable,Yes,Yes,very helpful,much more willing,,,,,,,,
6029,5,0,I don't know,Yes,No,,,No,,,,,Yes,much more willing,was not informed early enough
6030,5,0,very valuable,Yes,No,,,Yes,1,Yes,very helpful,much more willing,,,
6031,5,0,somewhat valuable,Yes,Yes,very helpful,much more willing,,,,,,,,
6032,5,0,very valuable,Yes,Yes,very helpful,much more willing,,,,,,,,
6033,5,0,very valuable,Yes,Yes,very helpful,much more willing,,,,,,,,
6034,5,0,very valuable,Yes,Yes,very helpful,much more willing,,,,,,,,
6035,5,0,somewhat valuable,Yes,Yes,somewhat helpful,somewhat more willing,,,,,,,,
6036,5,0,somewhat valuable,Yes,Yes,somewhat helpful,somewhat more willing,,,,,,,,
6038,5,0,I don't know,Yes,Yes,very helpful,much more willing,,,,,,,,
6040,5,0,I don't know,Yes,Yes,I don't know,somewhat more willing,,,,,,,,
6041,5,0,very valuable,Yes,Yes,very helpful,much more willing,,,,,,,,
6042,5,0,somewhat valuable,Yes,Yes,somewhat helpful,somewhat more willing,,,,,,,,
6043,5,0,I don't know,No,No,,,No,,,,,No,,
6044,5,0,of low value,Yes,Yes,not helpful,less willing,,,,,,,,
6045,5,0,I don't know,Yes,No,,,No,,,,,No,,the venue too far from my home
6046,5,0,very valuable,Yes,Yes,somewhat helpful,somewhat more willing,,,,,,,,
6047,5,0,very valuable,No,Yes,very helpful,much more willing,,,,,,,,
6048,5,0,I don't know,Yes,Yes,somewhat helpful,somewhat more willing,,,,,,,,
6049,5,0,very valuable,Yes,Yes,very helpful,much more willing,,,,,,,,
6050,5,0,somewhat valuable,Yes,Yes,somewhat helpful,much more willing,,,,,,,,
6052,5,0,somewhat valuable,Yes,No,,,Yes,2,Yes,very helpful,much more willing,,,
6053,5,0,somewhat valuable,Yes,Yes,somewhat helpful,much more willing,,,,,,,,
6054,5,0,very valuable,Yes,Yes,very helpful,much more willing,,,,,,,,
6056,5,0,somewhat valuable,Yes,No,,,Yes,1,Yes,somewhat helpful,somewhat more willing,,,
6057,5,0,somewhat valuable,No,No,,,Yes,1,Yes,somewhat helpful,I don't know,,,
6058,5,0,somewhat valuable,Yes,Yes,somewhat helpful,much more willing,,,,,,,,
6059,5,0,very valuable,Yes,Yes,somewhat helpful,much more willing,,,,,,,,
6060,5,0,very valuable,Yes,Yes,very helpful,much more willing,,,,,,,,
6061,5,0,very valuable,Yes,Yes,very helpful,much more willing,,,,,,,,
6062,5,0,very valuable,Yes,Yes,very helpful,much more willing,,,,,,,,
6063,5,0,somewhat valuable,Yes,Yes,very helpful,much more willing,,,,,,,,
6064,5,0,I don't know,Yes,Yes,not helpful,somewhat more willing,,,,,,,,
6065,5,0,somewhat valuable,Yes,Yes,very helpful,much more willing,,,,,,,,
6066,5,0,very valuable,Yes,Yes,very helpful,much more willing,,,,,,,,
6067,5,0,very valuable,Yes,Yes,very helpful,much more willing,,,,,,,,
6068,5,0,somewhat valuable,Yes,Yes,somewhat helpful,much more willing,,,,,,,,
6069,5,0,very valuable,Yes,Yes,very helpful,much more willing,,,,,,,,
6070,5,0,very valuable,Yes,Yes,somewhat helpful,much more willing,,,,,,,,
6071,5,0,somewhat valuable,Yes,Yes,somewhat helpful,somewhat more willing,,,,,,,,
6072,5,0,very valuable,Yes,No,,,No,,,,,No,,the venue too far from my home
6073,5,0,somewhat valuable,Yes,No,,,Yes,2,Yes,very helpful,much more willing,,,
6074,5,0,I don't know,Yes,Yes,somewhat helpful,somewhat more willing,,,,,,,,
6076,5,0,very valuable,Yes,Yes,very helpful,much more willing,,,,,,,,
6077,5,0,somewhat valuable,Yes,No,,,No,,,,,Yes,somewhat more willing,had more important issues to attend
6078,5,0,I don't know,No,No,,,No,,,,,No,,
6079,5,0,somewhat valuable,Yes,Yes,very helpful,much more willing,,,,,,,,
6081,5,0,I don't know,No,No,,,No,,,,,Yes,somewhat more willing,
6082,5,0,no value,Yes,Yes,not helpful,somewhat more willing,,,,,,,,
6084,5,0,very valuable,Yes,Yes,very helpful,much more willing,,,,,,,,
6085,5,0,very valuable,Yes,Yes,very helpful,much more willing,,,,,,,,
6086,5,0,very valuable,Yes,Yes,very helpful,much more willing,,,,,,,,
6087,5,0,very valuable,Yes,No,,,No,,,,,Yes,much more willing,had more important issues to attend
6088,5,0,very valuable,Yes,Yes,very helpful,much more willing,,,,,,,,
6089,5,0,very valuable,Yes,No,,,No,,,,,Yes,much more willing,the venue too far from my home
6090,5,0,very valuable,Yes,Yes,very helpful,much more willing,,,,,,,,
6092,5,0,I don't know,Yes,Yes,I don't know,somewhat more willing,,,,,,,,
6093,5,0,very valuable,Yes,No,,,Yes,2,Yes,very helpful,much more willing,,,
6094,5,0,very valuable,Yes,Yes,very helpful,much more willing,,,,,,,,
6095,5,0,very valuable,Yes,Yes,very helpful,much more willing,,,,,,,,
6096,5,0,I don't know,Yes,No,,,Yes,1,No,,,,,
6098,5,0,somewhat valuable,Yes,Yes,very helpful,much more willing,,,,,,,,
6099,5,0,I don't know,Yes,Yes,somewhat helpful,less willing,,,,,,,,
6100,5,0,very valuable,Yes,Yes,very helpful,much more willing,,,,,,,,
6101,5,0,I don't know,Yes,Yes,somewhat helpful,somewhat more willing,,,,,,,,
6102,5,0,somewhat valuable,Yes,Yes,somewhat helpful,somewhat more willing,,,,,,,,
6103,5,0,I don't know,Yes,Yes,very helpful,much more willing,,,,,,,,
6104,5,0,very valuable,Yes,Yes,very helpful,much more willing,,,,,,,,
6105,5,0,very valuable,No,No,,,No,,,,,Yes,much more willing,
6107,5,0,very valuable,Yes,Yes,very helpful,much more willing,,,,,,,,
6108,5,0,very valuable,Yes,Yes,very helpful,much more willing,,,,,,,,
6109,5,0,somewhat valuable,Yes,Yes,very helpful,much more willing,,,,,,,,
6112,5,0,somewhat valuable,Yes,Yes,I don't know,less willing,,,,,,,,
6113,5,0,very valuable,Yes,Yes,very helpful,much more willing,,,,,,,,
6114,5,0,very valuable,Yes,Yes,very helpful,much more willing,,,,,,,,
6115,5,0,very valuable,Yes,Yes,somewhat helpful,somewhat more willing,,,,,,,,
6116,5,0,,,,,,,,,,,,,
6123,5,0,very valuable,Yes,Yes,very helpful,much more willing,,,,,,,,
6124,5,0,somewhat valuable,Yes,Yes,very helpful,much more willing,,,,,,,,
6125,5,0,,,,,,,,,,,,,
7002,5,0,very valuable,Yes,No,,,Yes,2,Yes,very helpful,much more willing,,,
7003,5,0,I don't know,No,No,,,No,,,,,No,,
7004,5,0,I don't know,No,No,,,No,,,,,No,,
7005,5,0,I don't know,No,No,,,No,,,,,No,,
7006,5,0,somewhat valuable,Yes,No,,,Yes,1,Yes,very helpful,much more willing,,,
7007,5,0,somewhat valuable,Yes,Yes,somewhat helpful,much more willing,,,,,,,,
7008,5,0,very valuable,Yes,Yes,very helpful,much more willing,,,,,,,,
7009,5,0,very valuable,Yes,No,,,No,,,,,No,,had more important issues to attend
7010,5,0,somewhat valuable,Yes,Yes,somewhat helpful,much more willing,,,,,,,,
7011,5,0,somewhat valuable,Yes,Yes,somewhat helpful,somewhat more willing,,,,,,,,
7012,5,0,somewhat valuable,Yes,Yes,very helpful,much more willing,,,,,,,,
7013,5,0,I don't know,Yes,No,,,No,,,,,No,,had more important issues to attend
7014,5,0,very valuable,Yes,No,,,No,,,,,Yes,much more willing,had more important issues to attend
7015,5,0,very valuable,Yes,Yes,somewhat helpful,somewhat more willing,,,,,,,,
7016,5,0,somewhat valuable,No,No,,,No,,,,,Yes,much more willing,
7017,5,0,very valuable,No,No,,,No,,,,,No,,
7018,5,0,very valuable,Yes,No,,,Yes,3,Yes,somewhat helpful,somewhat more willing,,,
7019,5,0,I don't know,No,No,,,No,,,,,Yes,less willing,
7020,5,0,very valuable,Yes,Yes,very helpful,much more willing,,,,,,,,
7021,5,0,I don't know,No,No,,,No,,,,,No,,
7022,5,0,very valuable,Yes,Yes,very helpful,much more willing,,,,,,,,
7023,5,0,I don't know,Yes,No,,,No,,,,,Yes,less willing,had more important issues to attend
7024,5,0,somewhat valuable,Yes,No,,,No,,,,,Yes,somewhat more willing,had more important issues to attend
7025,5,0,very valuable,Yes,Yes,very helpful,much more willing,,,,,,,,
7026,5,0,somewhat valuable,Yes,Yes,somewhat helpful,somewhat more willing,,,,,,,,
7027,5,0,very valuable,Yes,Yes,very helpful,much more willing,,,,,,,,
7028,5,0,very valuable,Yes,Yes,very helpful,much more willing,,,,,,,,
7029,5,0,somewhat valuable,Yes,Yes,very helpful,much more willing,,,,,,,,
7030,5,0,very valuable,No,No,,,No,,,,,Yes,much more willing,
7031,5,0,somewhat valuable,Yes,Yes,somewhat helpful,much more willing,,,,,,,,
7032,5,0,somewhat valuable,Yes,No,,,No,,,,,Yes,much more willing,had more important issues to attend
7033,5,0,very valuable,Yes,No,,,Yes,2,Yes,very helpful,much more willing,,,
7034,5,0,very valuable,Yes,Yes,very helpful,much more willing,,,,,,,,
7035,5,0,of low value,Yes,Yes,not helpful,less willing,,,,,,,,
7036,5,0,I don't know,No,No,,,Yes,1,No,,,,,
7037,5,0,I don't know,No,No,,,No,,,,,No,,
7038,5,0,I don't know,Yes,No,,,Yes,1,No,,,,,
7039,5,0,somewhat valuable,Yes,Yes,somewhat helpful,somewhat more willing,,,,,,,,
7040,5,0,I don't know,Yes,No,,,No,,,,,Yes,I don't know,was not informed early enough
7041,5,0,very valuable,No,No,,,No,,,,,No,,
7042,5,0,somewhat valuable,No,No,,,No,,,,,No,,
7043,5,0,I don't know,No,No,,,No,,,,,Yes,much more willing,
7049,5,0,I don't know,Yes,Yes,I don't know,somewhat more willing,,,,,,,,
8001,5,0,I don't know,No,No,,,No,,,,,No,,
8002,5,0,very valuable,Yes,Yes,very helpful,much more willing,,,,,,,,
8003,5,0,very valuable,Yes,No,,,No,,,,,No,,had more important issues to attend
8004,5,0,very valuable,No,No,,,No,,,,,No,,
8005,5,0,very valuable,Yes,Yes,very helpful,much more willing,,,,,,,,
8006,5,0,very valuable,Yes,Yes,very helpful,much more willing,,,,,,,,
8007,5,0,very valuable,Yes,Yes,very helpful,much more willing,,,,,,,,
8009,5,0,very valuable,Yes,Yes,very helpful,much more willing,,,,,,,,
8010,5,0,somewhat valuable,Yes,No,,,No,,,,,Yes,somewhat more willing,had more important issues to attend
8011,5,0,very valuable,Yes,Yes,very helpful,much more willing,,,,,,,,
8012,5,0,very valuable,Yes,Yes,very helpful,much more willing,,,,,,,,
8013,5,0,very valuable,Yes,Yes,very helpful,much more willing,,,,,,,,
8014,5,0,somewhat valuable,Yes,No,,,Yes,1,Yes,very helpful,much more willing,,,
8015,5,0,very valuable,Yes,Yes,very helpful,much more willing,,,,,,,,
8018,5,0,very valuable,Yes,Yes,very helpful,much more willing,,,,,,,,
8019,5,0,very valuable,Yes,Yes,very helpful,much more willing,,,,,,,,
8020,5,0,I don't know,No,No,,,No,,,,,Yes,somewhat more willing,
8021,5,0,very valuable,Yes,Yes,somewhat helpful,much more willing,,,,,,,,
8022,5,0,somewhat valuable,Yes,Yes,very helpful,much more willing,,,,,,,,
8023,5,0,very valuable,No,No,,,No,,,,,Yes,much more willing,
8024,5,0,very valuable,Yes,Yes,very helpful,much more willing,,,,,,,,
8025,5,0,very valuable,Yes,Yes,very helpful,much more willing,,,,,,,,
8026,5,0,very valuable,No,No,,,No,,,,,No,,
8027,5,0,very valuable,Yes,Yes,very helpful,much more willing,,,,,,,,
8028,5,0,,,,,,,,,,,,,
8029,5,0,very valuable,Yes,Yes,very helpful,much more willing,,,,,,,,
8030,5,0,very valuable,No,No,,,No,,,,,Yes,much more willing,
8031,5,0,no value,Yes,No,,,No,,,,,No,,had more important issues to attend
8032,5,0,very valuable,Yes,No,,,Yes,1,Yes,very helpful,much more willing,,,
8033,5,0,very valuable,No,No,,,No,,,,,No,,
8034,5,0,I don't know,Yes,No,,,No,,,,,Yes,somewhat more willing,the venue too far from my home
8035,5,0,somewhat valuable,Yes,Yes,very helpful,much more willing,,,,,,,,
8036,5,0,very valuable,Yes,Yes,very helpful,much more willing,,,,,,,,
8038,5,0,very valuable,Yes,Yes,very helpful,much more willing,,,,,,,,
8039,5,0,somewhat valuable,Yes,No,,,No,,,,,Yes,somewhat more willing,had more important issues to attend
8040,5,0,of low value,No,No,,,No,,,,,No,,
8042,5,0,I don't know,Yes,Yes,very helpful,much more willing,,,,,,,,
8044,5,0,very valuable,Yes,Yes,very helpful,much more willing,,,,,,,,
8045,5,0,very valuable,Yes,Yes,very helpful,much more willing,,,,,,,,
8047,5,0,very valuable,No,No,,,No,,,,,Yes,I don't know,
8048,5,0,very valuable,Yes,No,,,No,,,,,Yes,much more willing,had more important issues to attend
8049,5,0,very valuable,No,No,,,No,,,,,Yes,somewhat more willing,
8050,5,0,very valuable,Yes,Yes,very helpful,much more willing,,,,,,,,
8051,5,0,I don't know,No,No,,,No,,,,,No,,
8052,5,0,very valuable,Yes,Yes,somewhat helpful,much more willing,,,,,,,,
8053,5,0,I don't know,No,No,,,No,,,,,Yes,much more willing,
8054,5,0,very valuable,Yes,Yes,very helpful,much more willing,,,,,,,,
8055,5,0,very valuable,Yes,Yes,very helpful,much more willing,,,,,,,,
8056,5,0,somewhat valuable,Yes,Yes,somewhat helpful,somewhat more willing,,,,,,,,
8057,5,0,I don't know,No,No,,,No,,,,,No,,
8059,5,0,very valuable,Yes,Yes,very helpful,much more willing,,,,,,,,
8061,5,0,very valuable,Yes,Yes,very helpful,much more willing,,,,,,,,
8062,5,0,no value,Yes,No,,,No,,,,,No,,had more important issues to attend
8070,5,0,somewhat valuable,Yes,Yes,very helpful,much more willing,,,,,,,,
9001,5,0,very valuable,Yes,Yes,very helpful,much more willing,,,,,,,,
9002,5,0,very valuable,Yes,Yes,very helpful,much more willing,,,,,,,,
9003,5,0,very valuable,No,No,,,No,,,,,Yes,much more willing,
9004,5,0,I don't know,Yes,Yes,somewhat helpful,somewhat more willing,,,,,,,,
9005,5,0,very valuable,Yes,Yes,very helpful,much more willing,,,,,,,,
9006,5,0,very valuable,No,Yes,very helpful,much more willing,,,,,,,,
9007,5,0,very valuable,Yes,Yes,very helpful,much more willing,,,,,,,,
9008,5,0,very valuable,No,Yes,very helpful,much more willing,,,,,,,,
9009,5,0,very valuable,Yes,Yes,very helpful,much more willing,,,,,,,,
9010,5,0,very valuable,Yes,Yes,somewhat helpful,somewhat more willing,,,,,,,,
9011,5,0,very valuable,No,No,,,No,,,,,Yes,somewhat more willing,
9012,5,0,very valuable,Yes,Yes,very helpful,much more willing,,,,,,,,
9013,5,0,very valuable,Yes,No,,,No,,,,,Yes,much more willing,had more important issues to attend
9014,5,0,somewhat valuable,Yes,Yes,very helpful,much more willing,,,,,,,,
9015,5,0,somewhat valuable,Yes,No,,,No,,,,,Yes,somewhat more willing,had more important issues to attend
9016,5,0,very valuable,Yes,Yes,very helpful,much more willing,,,,,,,,
9017,5,0,very valuable,Yes,Yes,somewhat helpful,much more willing,,,,,,,,
9020,5,0,very valuable,Yes,Yes,somewhat helpful,much more willing,,,,,,,,
9021,5,0,I don't know,Yes,No,,,No,,,,,Yes,somewhat more willing,had more important issues to attend
9022,5,0,somewhat valuable,Yes,Yes,very helpful,much more willing,,,,,,,,
9024,5,0,very valuable,Yes,Yes,very helpful,much more willing,,,,,,,,
9025,5,0,very valuable,No,Yes,somewhat helpful,somewhat more willing,,,,,,,,
9026,5,0,very valuable,Yes,Yes,very helpful,much more willing,,,,,,,,
9027,5,0,very valuable,Yes,Yes,somewhat helpful,much more willing,,,,,,,,
9028,5,0,very valuable,Yes,Yes,very helpful,much more willing,,,,,,,,
9029,5,0,very valuable,Yes,Yes,very helpful,much more willing,,,,,,,,
9030,5,0,very valuable,No,No,,,No,,,,,Yes,much more willing,
9031,5,0,very valuable,Yes,Yes,very helpful,much more willing,,,,,,,,
9032,5,0,very valuable,Yes,Yes,very helpful,much more willing,,,,,,,,
9033,5,0,very valuable,Yes,Yes,very helpful,much more willing,,,,,,,,
9034,5,0,somewhat valuable,Yes,No,,,No,,,,,Yes,somewhat more willing,had more important issues to attend
9035,5,0,very valuable,Yes,Yes,very helpful,much more willing,,,,,,,,
9036,5,0,very valuable,Yes,Yes,very helpful,much more willing,,,,,,,,
9037,5,0,very valuable,Yes,No,,,No,,,,,Yes,much more willing,had more important issues to attend
9038,5,0,very valuable,Yes,Yes,very helpful,much more willing,,,,,,,,
9039,5,0,very valuable,Yes,Yes,very helpful,much more willing,,,,,,,,
9040,5,0,somewhat valuable,Yes,Yes,somewhat helpful,somewhat more willing,,,,,,,,
9041,5,0,very valuable,Yes,Yes,very helpful,somewhat more willing,,,,,,,,
9042,5,0,I don't know,No,No,,,No,,,,,No,,
9043,5,0,very valuable,Yes,Yes,very helpful,much more willing,,,,,,,,
9044,5,0,very valuable,Yes,Yes,very helpful,much more willing,,,,,,,,
9045,5,0,very valuable,Yes,Yes,very helpful,much more willing,,,,,,,,
9046,5,0,very valuable,Yes,Yes,very helpful,much more willing,,,,,,,,
9047,5,0,very valuable,Yes,Yes,very helpful,much more willing,,,,,,,,
9048,5,0,somewhat valuable,Yes,No,,,Yes,3,Yes,very helpful,somewhat more willing,,,
9050,5,0,somewhat valuable,Yes,Yes,somewhat helpful,less willing,,,,,,,,
9051,5,0,very valuable,Yes,Yes,very helpful,much more willing,,,,,,,,
9052,5,0,very valuable,Yes,Yes,very helpful,much more willing,,,,,,,,
9053,5,0,very valuable,Yes,Yes,very helpful,much more willing,,,,,,,,
9054,5,0,very valuable,Yes,Yes,very helpful,much more willing,,,,,,,,
9055,5,0,very valuable,Yes,Yes,very helpful,much more willing,,,,,,,,
9056,5,0,very valuable,No,No,,,No,,,,,No,,
9057,5,0,very valuable,Yes,Yes,very helpful,much more willing,,,,,,,,
9058,5,0,very valuable,Yes,Yes,very helpful,much more willing,,,,,,,,
9059,5,0,very valuable,No,No,,,No,,,,,Yes,much more willing,
9060,5,0,very valuable,Yes,Yes,very helpful,somewhat more willing,,,,,,,,
9061,5,0,very valuable,Yes,Yes,very helpful,much more willing,,,,,,,,
9062,5,0,no value,Yes,Yes,not helpful,I don't know,,,,,,,,
9063,5,0,very valuable,Yes,Yes,very helpful,much more willing,,,,,,,,
9064,5,0,somewhat valuable,Yes,Yes,somewhat helpful,somewhat more willing,,,,,,,,
9065,5,0,very valuable,Yes,Yes,very helpful,much more willing,,,,,,,,
9066,5,0,very valuable,Yes,Yes,very helpful,much more willing,,,,,,,,
9067,5,0,very valuable,Yes,Yes,very helpful,much more willing,,,,,,,,
9068,5,0,very valuable,Yes,Yes,very helpful,much more willing,,,,,,,,
9069,5,0,very valuable,Yes,Yes,very helpful,much more willing,,,,,,,,
9070,5,0,somewhat valuable,Yes,Yes,somewhat helpful,somewhat more willing,,,,,,,,
9071,5,0,very valuable,Yes,Yes,very helpful,much more willing,,,,,,,,
9073,5,0,somewhat valuable,Yes,Yes,very helpful,much more willing,,,,,,,,
9074,5,0,very valuable,Yes,Yes,very helpful,much more willing,,,,,,,,
9075,5,0,somewhat valuable,Yes,No,,,No,,,,,Yes,somewhat more willing,had more important issues to attend
9076,5,0,very valuable,Yes,Yes,very helpful,somewhat more willing,,,,,,,,
9077,5,0,very valuable,Yes,Yes,very helpful,much more willing,,,,,,,,
9078,5,0,very valuable,Yes,Yes,somewhat helpful,much more willing,,,,,,,,
9079,5,0,very valuable,Yes,Yes,very helpful,much more willing,,,,,,,,
9080,5,0,very valuable,Yes,Yes,very helpful,much more willing,,,,,,,,
9081,5,0,very valuable,No,No,,,No,,,,,Yes,much more willing,
9082,5,0,very valuable,Yes,Yes,very helpful,much more willing,,,,,,,,
9083,5,0,very valuable,No,No,,,No,,,,,Yes,much more willing,
9084,5,0,very valuable,Yes,Yes,very helpful,much more willing,,,,,,,,
9085,5,0,I don't know,Yes,Yes,somewhat helpful,somewhat more willing,,,,,,,,
9086,5,0,somewhat valuable,No,No,,,No,,,,,No,,
9087,5,0,very valuable,Yes,Yes,very helpful,much more willing,,,,,,,,
9088,5,0,no value,Yes,Yes,not helpful,less willing,,,,,,,,
9089,5,0,somewhat valuable,Yes,No,,,Yes,2,Yes,somewhat helpful,somewhat more willing,,,
9090,5,0,very valuable,Yes,Yes,very helpful,much more willing,,,,,,,,
9091,5,0,very valuable,Yes,Yes,very helpful,much more willing,,,,,,,,
9092,5,0,somewhat valuable,No,No,,,No,,,,,Yes,much more willing,
9093,5,0,very valuable,Yes,Yes,very helpful,much more willing,,,,,,,,
9094,5,0,very valuable,Yes,Yes,very helpful,much more willing,,,,,,,,
9095,5,0,very valuable,Yes,Yes,very helpful,much more willing,,,,,,,,
9096,5,0,very valuable,Yes,Yes,very helpful,much more willing,,,,,,,,
9097,5,0,of low value,Yes,Yes,somewhat helpful,somewhat more willing,,,,,,,,
9098,5,0,very valuable,Yes,Yes,very helpful,much more willing,,,,,,,,
9099,5,0,very valuable,Yes,Yes,very helpful,much more willing,,,,,,,,
9100,5,0,very valuable,Yes,Yes,very helpful,much more willing,,,,,,,,
9102,5,0,very valuable,Yes,Yes,very helpful,much more willing,,,,,,,,
9104,5,0,,,,,,,,,,,,,
9106,5,0,very valuable,Yes,Yes,somewhat helpful,somewhat more willing,,,,,,,,
9108,5,0,somewhat valuable,Yes,No,,,No,,,,,Yes,somewhat more willing,had more important issues to attend
9111,5,0,very valuable,Yes,Yes,very helpful,much more willing,,,,,,,,
9115,5,0,,,,,,,,,,,,,
10001,5,0,I don't know,No,No,,,No,,,,,Yes,somewhat more willing,
10002,5,0,somewhat valuable,Yes,Yes,somewhat helpful,somewhat more willing,,,,,,,,
10003,5,0,very valuable,Yes,Yes,very helpful,much more willing,,,,,,,,
10004,5,0,somewhat valuable,Yes,No,,,No,,,,,Yes,somewhat more willing,had more important issues to attend
10005,5,0,very valuable,Yes,Yes,very helpful,much more willing,,,,,,,,
10006,5,0,I don't know,No,No,,,No,,,,,Yes,somewhat more willing,
10007,5,0,somewhat valuable,Yes,No,,,No,,,,,Yes,much more willing,had more important issues to attend
10009,5,0,very valuable,Yes,Yes,very helpful,much more willing,,,,,,,,
10010,5,0,very valuable,Yes,Yes,very helpful,much more willing,,,,,,,,
10011,5,0,very valuable,Yes,Yes,very helpful,much more willing,,,,,,,,
10013,5,0,very valuable,Yes,Yes,very helpful,much more willing,,,,,,,,
10014,5,0,very valuable,Yes,Yes,very helpful,much more willing,,,,,,,,
10016,5,0,very valuable,Yes,Yes,very helpful,much more willing,,,,,,,,
10017,5,0,very valuable,Yes,Yes,somewhat helpful,much more willing,,,,,,,,
10018,5,0,I don't know,Yes,No,,,No,,,,,Yes,much more willing,had more important issues to attend
10019,5,0,very valuable,No,No,,,No,,,,,Yes,much more willing,
10020,5,0,very valuable,No,No,,,No,,,,,Yes,much more willing,
10021,5,0,very valuable,No,No,,,No,,,,,Yes,much more willing,
10022,5,0,no value,Yes,Yes,somewhat helpful,less willing,,,,,,,,
10023,5,0,very valuable,Yes,Yes,very helpful,much more willing,,,,,,,,
10024,5,0,somewhat valuable,No,No,,,No,,,,,Yes,much more willing,
10025,5,0,very valuable,Yes,Yes,very helpful,much more willing,,,,,,,,
10026,5,0,very valuable,Yes,Yes,very helpful,much more willing,,,,,,,,
10027,5,0,very valuable,Yes,Yes,very helpful,much more willing,,,,,,,,
10029,5,0,somewhat valuable,Yes,No,,,No,,,,,Yes,somewhat more willing,had more important issues to attend
10030,5,0,very valuable,No,No,,,No,,,,,Yes,much more willing,
10031,5,0,somewhat valuable,Yes,Yes,somewhat helpful,somewhat more willing,,,,,,,,
10033,5,0,I don't know,No,No,,,No,,,,,Yes,much more willing,
10036,5,0,very valuable,Yes,Yes,very helpful,much more willing,,,,,,,,
11001,5,0,I don't know,No,No,,,No,,,,,No,,
11002,5,0,very valuable,Yes,Yes,very helpful,much more willing,,,,,,,,
11003,5,0,very valuable,Yes,Yes,very helpful,much more willing,,,,,,,,
11004,5,0,very valuable,Yes,Yes,very helpful,much more willing,,,,,,,,
11006,5,0,very valuable,No,No,,,No,,,,,No,,
11007,5,0,very valuable,No,No,,,No,,,,,No,,
11008,5,0,somewhat valuable,No,No,,,No,,,,,No,,
11010,5,0,of low value,No,No,,,No,,,,,Yes,much more willing,
11011,5,0,somewhat valuable,Yes,No,,,No,,,,,Yes,I don't know,had more important issues to attend
11012,5,0,very valuable,Yes,Yes,very helpful,much more willing,,,,,,,,
11013,5,0,very valuable,Yes,Yes,very helpful,much more willing,,,,,,,,
11014,5,0,I don't know,Yes,Yes,somewhat helpful,much more willing,,,,,,,,
11018,5,0,very valuable,Yes,Yes,very helpful,much more willing,,,,,,,,
11020,5,0,I don't know,Yes,Yes,somewhat helpful,much more willing,,,,,,,,
11021,5,0,I don't know,No,No,,,No,,,,,No,,
11022,5,0,very valuable,Yes,No,,,No,,,,,No,,had more important issues to attend
11023,5,0,very valuable,Yes,Yes,very helpful,much more willing,,,,,,,,
11024,5,0,very valuable,Yes,Yes,very helpful,much more willing,,,,,,,,
11025,5,0,very valuable,Yes,No,,,No,,,,,Yes,much more willing,had more important issues to attend
11026,5,0,very valuable,Yes,Yes,very helpful,much more willing,,,,,,,,
11027,5,0,very valuable,Yes,Yes,very helpful,much more willing,,,,,,,,
11028,5,0,very valuable,Yes,Yes,very helpful,much more willing,,,,,,,,
11029,5,0,somewhat valuable,Yes,No,,,No,,,,,Yes,somewhat more willing,had more important issues to attend
11030,5,0,very valuable,Yes,Yes,I don't know,I don't know,,,,,,,,
11032,5,0,very valuable,Yes,Yes,very helpful,much more willing,,,,,,,,
11033,5,0,somewhat valuable,Yes,No,,,No,,,,,No,,I thought it would be waste of time
11034,5,0,very valuable,Yes,Yes,very helpful,much more willing,,,,,,,,
11035,5,0,very valuable,Yes,Yes,very helpful,much more willing,,,,,,,,
11036,5,0,very valuable,Yes,Yes,very helpful,much more willing,,,,,,,,
11038,5,0,somewhat valuable,No,No,,,No,,,,,Yes,somewhat more willing,
11039,5,0,I don't know,No,No,,,No,,,,,Yes,somewhat more willing,
11040,5,0,very valuable,Yes,Yes,very helpful,much more willing,,,,,,,,
11041,5,0,very valuable,Yes,Yes,very helpful,much more willing,,,,,,,,
11042,5,0,somewhat valuable,Yes,Yes,somewhat helpful,somewhat more willing,,,,,,,,
11045,5,0,very valuable,Yes,No,,,No,,,,,Yes,somewhat more willing,had more important issues to attend
11049,5,0,very valuable,Yes,Yes,very helpful,much more willing,,,,,,,,
11050,5,0,somewhat valuable,Yes,No,,,No,,,,,No,,had more important issues to attend
11051,5,0,very valuable,Yes,Yes,very helpful,much more willing,,,,,,,,
11054,5,0,very valuable,Yes,Yes,very helpful,much more willing,,,,,,,,
11055,5,0,very valuable,Yes,Yes,very helpful,much more willing,,,,,,,,
11056,5,0,very valuable,No,No,,,No,,,,,No,,
11057,5,0,very valuable,Yes,Yes,very helpful,much more willing,,,,,,,,
11060,5,0,very valuable,Yes,Yes,very helpful,much more willing,,,,,,,,
11061,5,0,very valuable,Yes,No,,,Yes,1,Yes,very helpful,much more willing,,,
11067,5,0,,,,,,,,,,,,,
11068,5,0,very valuable,Yes,Yes,very helpful,much more willing,,,,,,,,
12001,5,0,somewhat valuable,Yes,Yes,very helpful,much more willing,,,,,,,,
12002,5,0,somewhat valuable,Yes,Yes,somewhat helpful,somewhat more willing,,,,,,,,
12003,5,0,very valuable,Yes,No,,,No,,,,,Yes,somewhat more willing,had more important issues to attend
12004,5,0,somewhat valuable,Yes,Yes,somewhat helpful,somewhat more willing,,,,,,,,
12005,5,0,somewhat valuable,Yes,Yes,somewhat helpful,somewhat more willing,,,,,,,,
12006,5,0,very valuable,Yes,No,,,No,,,,,Yes,much more willing,had more important issues to attend
12007,5,0,very valuable,Yes,Yes,very helpful,much more willing,,,,,,,,
12008,5,0,I don't know,Yes,Yes,very helpful,much more willing,,,,,,,,
12009,5,0,very valuable,Yes,Yes,very helpful,much more willing,,,,,,,,
12010,5,0,very valuable,Yes,Yes,very helpful,much more willing,,,,,,,,
12011,5,0,I don't know,No,No,,,No,,,,,Yes,less willing,
12015,5,0,very valuable,Yes,Yes,very helpful,much more willing,,,,,,,,
12016,5,0,very valuable,Yes,Yes,very helpful,much more willing,,,,,,,,
12017,5,0,very valuable,Yes,Yes,very helpful,much more willing,,,,,,,,
12018,5,0,I don't know,Yes,No,,,No,,,,,Yes,much more willing,had more important issues to attend
12019,5,0,very valuable,No,No,,,No,,,,,Yes,somewhat more willing,
12020,5,0,somewhat valuable,No,No,,,No,,,,,No,,
12021,5,0,very valuable,Yes,No,,,No,,,,,Yes,somewhat more willing,had more important issues to attend
12022,5,0,very valuable,Yes,Yes,somewhat helpful,much more willing,,,,,,,,
12023,5,0,very valuable,Yes,Yes,very helpful,much more willing,,,,,,,,
12024,5,0,very valuable,Yes,No,,,No,,,,,Yes,much more willing,had more important issues to attend
12025,5,0,very valuable,Yes,Yes,very helpful,much more willing,,,,,,,,
12026,5,0,very valuable,Yes,Yes,very helpful,much more willing,,,,,,,,
12027,5,0,very valuable,Yes,No,,,No,,,,,Yes,somewhat more willing,had more important issues to attend
12028,5,0,very valuable,Yes,Yes,somewhat helpful,much more willing,,,,,,,,
12029,5,0,very valuable,Yes,Yes,very helpful,much more willing,,,,,,,,
12030,5,0,very valuable,Yes,Yes,very helpful,much more willing,,,,,,,,
12031,5,0,very valuable,Yes,No,,,No,,,,,Yes,much more willing,had more important issues to attend
12032,5,0,very valuable,Yes,Yes,very helpful,much more willing,,,,,,,,
12033,5,0,somewhat valuable,Yes,Yes,very helpful,much more willing,,,,,,,,
12034,5,0,very valuable,Yes,Yes,somewhat helpful,much more willing,,,,,,,,
12035,5,0,very valuable,Yes,No,,,No,,,,,Yes,much more willing,had more important issues to attend
12036,5,0,very valuable,Yes,Yes,very helpful,much more willing,,,,,,,,
12037,5,0,very valuable,Yes,Yes,very helpful,much more willing,,,,,,,,
12040,5,0,very valuable,Yes,Yes,very helpful,much more willing,,,,,,,,
12043,5,0,very valuable,Yes,Yes,very helpful,much more willing,,,,,,,,
12044,5,0,very valuable,Yes,No,,,No,,,,,Yes,much more willing,had more important issues to attend
13001,5,0,very valuable,Yes,Yes,very helpful,much more willing,,,,,,,,
13002,5,0,very valuable,Yes,Yes,very helpful,much more willing,,,,,,,,
13003,5,0,very valuable,Yes,Yes,very helpful,much more willing,,,,,,,,
13004,5,0,very valuable,Yes,Yes,very helpful,much more willing,,,,,,,,
13005,5,0,very valuable,Yes,Yes,very helpful,much more willing,,,,,,,,
13006,5,0,very valuable,Yes,Yes,very helpful,much more willing,,,,,,,,
13007,5,0,very valuable,Yes,Yes,very helpful,much more willing,,,,,,,,
13008,5,0,very valuable,Yes,No,,,No,,,,,No,,had more important issues to attend
13009,5,0,somewhat valuable,Yes,Yes,very helpful,much more willing,,,,,,,,
13010,5,0,very valuable,Yes,Yes,very helpful,much more willing,,,,,,,,
13011,5,0,somewhat valuable,No,No,,,No,,,,,Yes,somewhat more willing,
13013,5,0,very valuable,Yes,Yes,very helpful,much more willing,,,,,,,,
13014,5,0,very valuable,Yes,Yes,very helpful,much more willing,,,,,,,,
13015,5,0,somewhat valuable,Yes,No,,,No,,,,,No,,had more important issues to attend
13016,5,0,very valuable,No,No,,,No,,,,,Yes,much more willing,
13017,5,0,very valuable,Yes,Yes,very helpful,much more willing,,,,,,,,
13018,5,0,somewhat valuable,No,No,,,No,,,,,Yes,somewhat more willing,
13019,5,0,very valuable,Yes,Yes,very helpful,much more willing,,,,,,,,
13020,5,0,I don't know,No,No,,,No,,,,,No,,
13021,5,0,somewhat valuable,Yes,Yes,very helpful,much more willing,,,,,,,,
13022,5,0,very valuable,Yes,Yes,very helpful,much more willing,,,,,,,,
13023,5,0,very valuable,Yes,No,,,Yes,1,Yes,very helpful,much more willing,,,
13025,5,0,very valuable,Yes,Yes,very helpful,somewhat more willing,,,,,,,,
13026,5,0,very valuable,No,No,,,No,,,,,Yes,much more willing,
13028,5,0,very valuable,Yes,Yes,very helpful,much more willing,,,,,,,,
13029,5,0,somewhat valuable,Yes,No,,,No,,,,,No,,had more important issues to attend
13030,5,0,somewhat valuable,No,No,,,No,,,,,Yes,somewhat more willing,
13035,5,0,very valuable,Yes,Yes,very helpful,much more willing,,,,,,,,
13036,5,0,very valuable,Yes,Yes,very helpful,much more willing,,,,,,,,
13038,5,0,very valuable,Yes,Yes,very helpful,much more willing,,,,,,,,
14001,5,0,somewhat valuable,No,No,,,No,,,,,No,,
14002,5,0,very valuable,Yes,Yes,very helpful,much more willing,,,,,,,,
14003,5,0,I don't know,Yes,Yes,somewhat helpful,much more willing,,,,,,,,
14005,5,0,somewhat valuable,Yes,Yes,somewhat helpful,somewhat more willing,,,,,,,,
14006,5,0,very valuable,Yes,Yes,very helpful,much more willing,,,,,,,,
14007,5,0,very valuable,Yes,Yes,very helpful,much more willing,,,,,,,,
14008,5,0,very valuable,Yes,Yes,very helpful,much more willing,,,,,,,,
14009,5,0,very valuable,No,No,,,No,,,,,No,,
14010,5,0,I don't know,No,No,,,No,,,,,Yes,less willing,
14011,5,0,somewhat valuable,No,No,,,No,,,,,No,,
14012,5,0,very valuable,Yes,Yes,very helpful,much more willing,,,,,,,,
14013,5,0,very valuable,No,No,,,No,,,,,Yes,much more willing,
14014,5,0,very valuable,Yes,Yes,very helpful,much more willing,,,,,,,,
14015,5,0,very valuable,Yes,Yes,very helpful,much more willing,,,,,,,,
14016,5,0,very valuable,Yes,Yes,very helpful,much more willing,,,,,,,,
14017,5,0,very valuable,Yes,Yes,very helpful,much more willing,,,,,,,,
14018,5,0,very valuable,Yes,Yes,very helpful,much more willing,,,,,,,,
14019,5,0,somewhat valuable,No,No,,,No,,,,,Yes,much more willing,
14020,5,0,very valuable,Yes,Yes,very helpful,much more willing,,,,,,,,
14021,5,0,somewhat valuable,No,No,,,No,,,,,No,,
14022,5,0,very valuable,Yes,Yes,very helpful,much more willing,,,,,,,,
14024,5,0,very valuable,Yes,No,,,No,,,,,Yes,much more willing,was not informed early enough
14027,5,0,very valuable,Yes,Yes,very helpful,much more willing,,,,,,,,
14028,5,0,very valuable,Yes,Yes,very helpful,much more willing,,,,,,,,
14030,5,0,I don't know,No,No,,,No,,,,,No,,
14031,5,0,very valuable,No,No,,,No,,,,,No,,
14033,5,0,I don't know,No,No,,,No,,,,,No,,
14035,5,0,very valuable,Yes,Yes,very helpful,much more willing,,,,,,,,
14037,5,0,very valuable,Yes,Yes,very helpful,much more willing,,,,,,,,
14038,5,0,very valuable,No,No,,,No,,,,,Yes,much more willing,
14040,5,0,somewhat valuable,Yes,Yes,somewhat helpful,much more willing,,,,,,,,
14041,5,0,I don't know,No,No,,,No,,,,,Yes,less willing,
14043,5,0,very valuable,Yes,No,,,No,,,,,Yes,much more willing,had more important issues to attend
14044,5,0,I don't know,Yes,Yes,very helpful,much more willing,,,,,,,,
14045,5,0,somewhat valuable,No,No,,,No,,,,,No,,
14046,5,0,somewhat valuable,Yes,Yes,somewhat helpful,somewhat more willing,,,,,,,,
14048,5,0,very valuable,Yes,Yes,very helpful,much more willing,,,,,,,,
14049,5,0,very valuable,Yes,Yes,very helpful,much more willing,,,,,,,,
14050,5,0,somewhat valuable,Yes,Yes,somewhat helpful,somewhat more willing,,,,,,,,
14051,5,0,I don't know,No,No,,,No,,,,,Yes,less willing,
14052,5,0,very valuable,Yes,Yes,very helpful,much more willing,,,,,,,,
14054,5,0,very valuable,Yes,No,,,No,,,,,Yes,much more willing,was not informed early enough
14055,5,0,,,,,,,,,,,,,
14056,5,0,I don't know,No,No,,,No,,,,,No,,
14057,5,0,somewhat valuable,Yes,No,,,No,,,,,Yes,somewhat more willing,had more important issues to attend
14058,5,0,I don't know,No,No,,,No,,,,,No,,
14060,5,0,very valuable,No,No,,,No,,,,,No,,
14061,5,0,very valuable,No,No,,,No,,,,,No,,
14062,5,0,somewhat valuable,Yes,Yes,somewhat helpful,much more willing,,,,,,,,
14064,5,0,very valuable,Yes,Yes,very helpful,much more willing,,,,,,,,
14065,5,0,very valuable,Yes,No,,,No,,,,,Yes,somewhat more willing,had more important issues to attend
14066,5,0,very valuable,Yes,Yes,very helpful,much more willing,,,,,,,,
14067,5,0,somewhat valuable,No,No,,,No,,,,,Yes,somewhat more willing,
14073,5,0,very valuable,Yes,No,,,Yes,4,Yes,somewhat helpful,much more willing,,,
14075,5,0,very valuable,Yes,Yes,very helpful,much more willing,,,,,,,,
14076,5,0,somewhat valuable,No,No,,,No,,,,,Yes,somewhat more willing,
14077,5,0,very valuable,Yes,Yes,very helpful,much more willing,,,,,,,,
14078,5,0,I don't know,Yes,Yes,somewhat helpful,somewhat more willing,,,,,,,,
14082,5,0,very valuable,Yes,No,,,No,,,,,Yes,somewhat more willing,had more important issues to attend
14083,5,0,very valuable,Yes,Yes,very helpful,much more willing,,,,,,,,
14085,5,0,,,,,,,,,,,,,
14087,5,0,very valuable,Yes,No,,,No,,,,,Yes,somewhat more willing,had more important issues to attend
14088,5,0,very valuable,No,No,,,No,,,,,Yes,somewhat more willing,
14089,5,0,very valuable,Yes,Yes,very helpful,much more willing,,,,,,,,
14090,5,0,very valuable,No,No,,,No,,,,,Yes,much more willing,
14091,5,0,very valuable,Yes,No,,,Yes,4,Yes,very helpful,much more willing,,,
14092,5,0,very valuable,No,No,,,No,,,,,Yes,much more willing,
14094,5,0,very valuable,Yes,No,,,No,,,,,Yes,much more willing,had more important issues to attend
14095,5,0,somewhat valuable,Yes,Yes,not helpful,less willing,,,,,,,,
14096,5,0,very valuable,Yes,Yes,very helpful,much more willing,,,,,,,,
14097,5,0,I don't know,No,No,,,No,,,,,No,,
14098,5,0,I don't know,No,No,,,No,,,,,No,,
14099,5,0,no value,No,No,,,No,,,,,Yes,somewhat more willing,
14100,5,0,very valuable,No,No,,,No,,,,,No,,
14101,5,0,very valuable,Yes,Yes,very helpful,much more willing,,,,,,,,
14102,5,0,somewhat valuable,Yes,Yes,somewhat helpful,somewhat more willing,,,,,,,,
14103,5,0,I don't know,No,No,,,No,,,,,Yes,I don't know,
14104,5,0,I don't know,Yes,No,,,No,,,,,Yes,somewhat more willing,had more important issues to attend
14105,5,0,very valuable,Yes,Yes,very helpful,much more willing,,,,,,,,
14106,5,0,somewhat valuable,Yes,Yes,somewhat helpful,somewhat more willing,,,,,,,,
14109,5,0,somewhat valuable,Yes,No,,,Yes,3,Yes,somewhat helpful,somewhat more willing,,,
14110,5,0,very valuable,No,No,,,No,,,,,Yes,much more willing,
14111,5,0,very valuable,Yes,Yes,very helpful,much more willing,,,,,,,,
14112,5,0,very valuable,Yes,Yes,very helpful,much more willing,,,,,,,,
14113,5,0,of low value,No,No,,,No,,,,,No,,
14114,5,0,very valuable,Yes,Yes,somewhat helpful,much more willing,,,,,,,,
14115,5,0,I don't know,Yes,Yes,somewhat helpful,much more willing,,,,,,,,
14116,5,0,somewhat valuable,No,No,,,No,,,,,Yes,somewhat more willing,
14117,5,0,very valuable,Yes,Yes,very helpful,much more willing,,,,,,,,
14118,5,0,very valuable,No,No,,,No,,,,,No,,
14120,5,0,somewhat valuable,Yes,Yes,somewhat helpful,somewhat more willing,,,,,,,,
14121,5,0,very valuable,Yes,Yes,very helpful,much more willing,,,,,,,,
14122,5,0,I don't know,No,No,,,No,,,,,Yes,somewhat more willing,
14124,5,0,very valuable,Yes,Yes,very helpful,much more willing,,,,,,,,
14125,5,0,very valuable,Yes,Yes,very helpful,much more willing,,,,,,,,
14129,5,0,very valuable,No,No,,,No,,,,,Yes,much more willing,
14130,5,0,somewhat valuable,No,No,,,No,,,,,No,,
14134,5,0,very valuable,Yes,Yes,very helpful,much more willing,,,,,,,,
14137,5,0,very valuable,Yes,Yes,very helpful,much more willing,,,,,,,,
14138,5,0,I don't know,Yes,Yes,somewhat helpful,somewhat more willing,,,,,,,,
15001,5,0,very valuable,Yes,Yes,very helpful,much more willing,,,,,,,,
15002,5,0,very valuable,No,No,,,No,,,,,No,,
15003,5,0,very valuable,Yes,Yes,somewhat helpful,much more willing,,,,,,,,
15005,5,0,very valuable,Yes,Yes,very helpful,much more willing,,,,,,,,
15006,5,0,very valuable,Yes,Yes,very helpful,much more willing,,,,,,,,
15007,5,0,very valuable,No,No,,,No,,,,,Yes,somewhat more willing,
15008,5,0,very valuable,Yes,Yes,very helpful,much more willing,,,,,,,,
15009,5,0,very valuable,Yes,Yes,somewhat helpful,much more willing,,,,,,,,
15010,5,0,somewhat valuable,No,No,,,No,,,,,Yes,somewhat more willing,
15012,5,0,very valuable,Yes,Yes,very helpful,much more willing,,,,,,,,
15013,5,0,very valuable,Yes,Yes,very helpful,much more willing,,,,,,,,
15014,5,0,very valuable,Yes,Yes,very helpful,much more willing,,,,,,,,
15016,5,0,very valuable,Yes,No,,,Yes,1,Yes,somewhat helpful,somewhat more willing,,,
15018,5,0,very valuable,No,No,,,No,,,,,No,,
15019,5,0,very valuable,Yes,Yes,very helpful,much more willing,,,,,,,,
15020,5,0,very valuable,Yes,No,,,Yes,2,Yes,very helpful,much more willing,,,
15021,5,0,very valuable,Yes,No,,,No,,,,,No,,the venue too far from my home
15022,5,0,very valuable,Yes,No,,,No,,,,,Yes,somewhat more willing,had more important issues to attend
15023,5,0,very valuable,No,No,,,No,,,,,No,,
15024,5,0,very valuable,Yes,Yes,very helpful,much more willing,,,,,,,,
15025,5,0,very valuable,Yes,Yes,very helpful,much more willing,,,,,,,,
15026,5,0,somewhat valuable,Yes,No,,,No,,,,,Yes,somewhat more willing,had more important issues to attend
15027,5,0,very valuable,No,No,,,No,,,,,No,,
15028,5,0,very valuable,Yes,Yes,very helpful,much more willing,,,,,,,,
15029,5,0,very valuable,Yes,Yes,very helpful,much more willing,,,,,,,,
15030,5,0,very valuable,Yes,Yes,very helpful,much more willing,,,,,,,,
15031,5,0,very valuable,Yes,Yes,very helpful,much more willing,,,,,,,,
15033,5,0,very valuable,Yes,Yes,very helpful,much more willing,,,,,,,,
15034,5,0,very valuable,Yes,Yes,very helpful,much more willing,,,,,,,,
15035,5,0,very valuable,Yes,Yes,very helpful,much more willing,,,,,,,,
15036,5,0,very valuable,Yes,Yes,very helpful,much more willing,,,,,,,,
15037,5,0,very valuable,Yes,No,,,Yes,1,Yes,very helpful,much more willing,,,
15039,5,0,somewhat valuable,Yes,No,,,No,,,,,Yes,much more willing,had more important issues to attend
15040,5,0,very valuable,Yes,Yes,very helpful,much more willing,,,,,,,,
15041,5,0,very valuable,Yes,Yes,very helpful,much more willing,,,,,,,,
15042,5,0,very valuable,Yes,Yes,very helpful,much more willing,,,,,,,,
15044,5,0,very valuable,Yes,Yes,very helpful,much more willing,,,,,,,,
15046,5,0,very valuable,Yes,Yes,very helpful,much more willing,,,,,,,,
15047,5,0,very valuable,Yes,Yes,very helpful,much more willing,,,,,,,,
15049,5,0,somewhat valuable,No,No,,,No,,,,,No,,
15050,5,0,somewhat valuable,Yes,Yes,somewhat helpful,somewhat more willing,,,,,,,,
15052,5,0,very valuable,Yes,Yes,very helpful,much more willing,,,,,,,,
16003,5,0,very valuable,No,No,,,No,,,,,No,,
16004,5,0,very valuable,Yes,Yes,very helpful,much more willing,,,,,,,,
16006,5,0,very valuable,No,No,,,No,,,,,No,,
16007,5,0,very valuable,No,No,,,No,,,,,No,,
16008,5,0,very valuable,No,No,,,No,,,,,No,,
16009,5,0,very valuable,No,No,,,No,,,,,No,,
16010,5,0,very valuable,Yes,Yes,very helpful,much more willing,,,,,,,,
16011,5,0,very valuable,Yes,Yes,very helpful,much more willing,,,,,,,,
16012,5,0,very valuable,Yes,Yes,very helpful,much more willing,,,,,,,,
16014,5,0,very valuable,Yes,Yes,very helpful,much more willing,,,,,,,,
16015,5,0,very valuable,Yes,Yes,somewhat helpful,somewhat more willing,,,,,,,,
16016,5,0,very valuable,No,No,,,No,,,,,No,,
16019,5,0,very valuable,Yes,Yes,very helpful,much more willing,,,,,,,,
16020,5,0,very valuable,No,No,,,No,,,,,Yes,much more willing,
16021,5,0,somewhat valuable,Yes,Yes,somewhat helpful,much more willing,,,,,,,,
16022,5,0,very valuable,Yes,Yes,very helpful,much more willing,,,,,,,,
16023,5,0,very valuable,Yes,Yes,very helpful,much more willing,,,,,,,,
16024,5,0,very valuable,Yes,Yes,somewhat helpful,much more willing,,,,,,,,
16025,5,0,very valuable,Yes,Yes,very helpful,much more willing,,,,,,,,
16026,5,0,I don't know,No,No,,,No,,,,,No,,
16027,5,0,very valuable,Yes,Yes,very helpful,much more willing,,,,,,,,
16028,5,0,very valuable,Yes,Yes,very helpful,much more willing,,,,,,,,
16029,5,0,very valuable,No,No,,,No,,,,,No,,
16030,5,0,very valuable,No,No,,,No,,,,,Yes,somewhat more willing,
16031,5,0,very valuable,No,No,,,No,,,,,Yes,much more willing,
16032,5,0,very valuable,Yes,No,,,No,,,,,Yes,much more willing,had more important issues to attend
16033,5,0,very valuable,Yes,Yes,very helpful,much more willing,,,,,,,,
16034,5,0,very valuable,Yes,Yes,very helpful,much more willing,,,,,,,,
16035,5,0,very valuable,No,No,,,No,,,,,Yes,much more willing,
16036,5,0,very valuable,Yes,Yes,very helpful,much more willing,,,,,,,,
16037,5,0,very valuable,Yes,No,,,No,,,,,Yes,much more willing,had more important issues to attend
16038,5,0,very valuable,Yes,Yes,very helpful,much more willing,,,,,,,,
16040,5,0,very valuable,Yes,Yes,very helpful,somewhat more willing,,,,,,,,
16042,5,0,very valuable,Yes,Yes,very helpful,much more willing,,,,,,,,
16043,5,0,very valuable,Yes,Yes,very helpful,much more willing,,,,,,,,
16044,5,0,very valuable,No,No,,,No,,,,,Yes,somewhat more willing,
16045,5,0,very valuable,Yes,Yes,very helpful,much more willing,,,,,,,,
16046,5,0,very valuable,Yes,Yes,very helpful,much more willing,,,,,,,,
16047,5,0,I don't know,No,No,,,No,,,,,No,,
16048,5,0,very valuable,No,No,,,No,,,,,Yes,much more willing,
16049,5,0,very valuable,Yes,No,,,No,,,,,Yes,much more willing,had more important issues to attend
16050,5,0,very valuable,Yes,Yes,very helpful,much more willing,,,,,,,,
16051,5,0,very valuable,Yes,No,,,Yes,2,Yes,very helpful,much more willing,,,
16052,5,0,very valuable,Yes,Yes,very helpful,much more willing,,,,,,,,
16053,5,0,very valuable,Yes,Yes,very helpful,much more willing,,,,,,,,
16063,5,0,,,,,,,,,,,,,
16066,5,0,,,,,,,,,,,,,
