hhid,round,s18q1,s18q2,s18q3,s18q4,s18q5,s18q6,s18q7,s18q8,s18q10,s18q11,s18q12,s18q13,s18q14,s18q15
1002,7,Somewhat,Fully,Somewhat,Somewhat,Somewhat,Somewhat,Somewhat,Somewhat,Somewhat,Somewhat,Somewhat,Somewhat,Somewhat,Somewhat
1003,7,Somewhat,Somewhat,Somewhat,Somewhat,Somewhat,Somewhat,Somewhat,Somewhat,Somewhat,Somewhat,Somewhat,Somewhat,Somewhat,Somewhat
1004,7,Little,Little,Little,Little,Little,Little,Little,Little,Little,Little,Little,Little,Little,Little
1005,7,Mostly,Mostly,Mostly,Little,Somewhat,Mostly,Mostly,Mostly,Mostly,Mostly,Mostly,Mostly,Mostly,Mostly
1006,7,Fully,Fully,Somewhat,Somewhat,Somewhat,N/A,Little,N/A,N/A,Somewhat,N/A,N/A,N/A,N/A
1007,7,Mostly,Mostly,Somewhat,Somewhat,Somewhat,Mostly,Somewhat,Mostly,Mostly,Somewhat,Mostly,N/A,N/A,N/A
1008,7,Little,None,Mostly,Mostly,Mostly,Mostly,Mostly,Mostly,Mostly,Little,Mostly,Mostly,Mostly,Mostly
1009,7,Mostly,Mostly,Somewhat,Somewhat,Somewhat,Fully,Fully,Fully,Fully,None,Fully,Fully,Fully,Fully
1010,7,Fully,Fully,Fully,Fully,Fully,Fully,Fully,Fully,Fully,Somewhat,Fully,N/A,Fully,N/A
1011,7,Fully,Fully,Fully,Fully,Fully,N/A,N/A,N/A,N/A,N/A,N/A,N/A,N/A,N/A
1012,7,Fully,Mostly,Fully,Fully,Fully,Fully,Fully,Fully,Fully,Fully,Fully,Fully,Fully,Fully
1013,7,Fully,Fully,Fully,Fully,Fully,N/A,N/A,N/A,N/A,Little,N/A,N/A,N/A,N/A
1014,7,Fully,Fully,Fully,Fully,Fully,Fully,Fully,Fully,Fully,Somewhat,Fully,Fully,Fully,Fully
1015,7,Mostly,Mostly,Mostly,Mostly,Mostly,Mostly,Mostly,Mostly,Mostly,Mostly,Mostly,Mostly,Mostly,Mostly
1016,7,Somewhat,Somewhat,Fully,Fully,Fully,Mostly,Mostly,Mostly,Mostly,Little,Mostly,Mostly,Mostly,Mostly
1017,7,Mostly,Mostly,Mostly,Mostly,Mostly,Mostly,Mostly,Mostly,Mostly,Mostly,N/A,N/A,N/A,N/A
1018,7,Fully,Fully,Fully,Mostly,Fully,None,None,None,None,Little,None,None,None,None
1019,7,Fully,Mostly,Fully,Fully,Fully,Fully,Fully,Fully,Fully,Fully,Fully,Fully,Fully,Fully
1020,7,Fully,Fully,Fully,Fully,Fully,Fully,Fully,Fully,Fully,Fully,Fully,Fully,Fully,Fully
1021,7,Somewhat,Little,Fully,Fully,Somewhat,N/A,N/A,N/A,N/A,Little,N/A,N/A,N/A,N/A
1022,7,Mostly,Mostly,Mostly,Mostly,Mostly,Mostly,Mostly,Mostly,Mostly,Little,Mostly,Mostly,Mostly,Mostly
1023,7,Somewhat,Somewhat,Somewhat,Somewhat,Somewhat,None,None,None,None,Somewhat,None,None,None,None
1024,7,Fully,Fully,Fully,Fully,Fully,Somewhat,Somewhat,Somewhat,Somewhat,Somewhat,Somewhat,Somewhat,Somewhat,Somewhat
1025,7,Somewhat,Little,Mostly,Fully,Fully,Fully,Fully,Fully,Fully,Little,Fully,Fully,Fully,Fully
1026,7,Fully,Fully,Mostly,None,None,Little,Little,Little,Little,Little,Somewhat,Somewhat,Somewhat,Somewhat
1029,7,Fully,Fully,Fully,Fully,Fully,Mostly,Mostly,Mostly,Mostly,Somewhat,Mostly,Mostly,Mostly,N/A
1031,7,Fully,Somewhat,Fully,Mostly,Mostly,Fully,Fully,Fully,Fully,Mostly,Fully,Fully,Fully,Fully
1032,7,Fully,Fully,Fully,Fully,Fully,Fully,Fully,Fully,Fully,Fully,Fully,Fully,Fully,Fully
1033,7,Somewhat,Little,Somewhat,Somewhat,Somewhat,Little,Little,Fully,Little,Somewhat,N/A,N/A,Somewhat,Somewhat
1034,7,Somewhat,Somewhat,Somewhat,Somewhat,Somewhat,Somewhat,Somewhat,Somewhat,Somewhat,Somewhat,Somewhat,Somewhat,Somewhat,N/A
1035,7,Somewhat,Fully,Somewhat,Somewhat,Somewhat,Somewhat,Somewhat,Somewhat,Somewhat,Little,N/A,N/A,N/A,N/A
1036,7,Somewhat,Somewhat,Somewhat,Somewhat,Somewhat,Somewhat,Somewhat,Somewhat,Somewhat,Mostly,Somewhat,Somewhat,Somewhat,Somewhat
1037,7,Fully,Mostly,Fully,Fully,Fully,Fully,Fully,Fully,Fully,Fully,Fully,Fully,Fully,Fully
1038,7,Mostly,Fully,Somewhat,Somewhat,Somewhat,Somewhat,Somewhat,Somewhat,Somewhat,Somewhat,Somewhat,N/A,N/A,N/A
1039,7,Fully,Mostly,Fully,Fully,Fully,Fully,Fully,Fully,Fully,Mostly,Fully,N/A,Fully,N/A
1042,7,Fully,Fully,Fully,Fully,Fully,None,None,None,None,Somewhat,None,None,None,None
1045,7,Fully,Fully,Fully,Fully,Fully,N/A,N/A,N/A,N/A,N/A,N/A,N/A,N/A,N/A
1047,7,Mostly,Mostly,Mostly,Mostly,Mostly,Mostly,Mostly,Mostly,Mostly,None,Mostly,Mostly,Mostly,Mostly
2001,7,Fully,Fully,Fully,Fully,Fully,Mostly,Somewhat,Mostly,Mostly,Mostly,Mostly,N/A,N/A,N/A
2002,7,Fully,Somewhat,Fully,Fully,Fully,Fully,Fully,Fully,Fully,Mostly,Fully,N/A,Fully,Fully
2003,7,Fully,Fully,Fully,Fully,Fully,Fully,Mostly,Fully,Fully,Somewhat,Fully,N/A,Fully,N/A
2004,7,Fully,Fully,Fully,Fully,Fully,Mostly,Mostly,Mostly,Mostly,Mostly,Mostly,Mostly,Mostly,Mostly
2005,7,Somewhat,Fully,Somewhat,Mostly,Mostly,Mostly,Somewhat,Somewhat,Somewhat,Somewhat,Somewhat,Somewhat,Somewhat,Somewhat
2007,7,Somewhat,Fully,Mostly,Mostly,Mostly,Somewhat,Somewhat,Somewhat,Somewhat,Fully,Somewhat,Somewhat,Somewhat,Somewhat
2009,7,Fully,Fully,Fully,Fully,Fully,Fully,Fully,Fully,Fully,Somewhat,Fully,N/A,Fully,N/A
2010,7,Fully,Fully,Fully,Fully,Fully,Fully,Fully,Fully,Fully,Little,Fully,Fully,Fully,Fully
2011,7,Mostly,Fully,Somewhat,Somewhat,Somewhat,Somewhat,Somewhat,Somewhat,Somewhat,Little,Somewhat,Somewhat,Somewhat,Somewhat
2012,7,Fully,Somewhat,Fully,Fully,Fully,Fully,Fully,Fully,Fully,Mostly,Mostly,Mostly,Mostly,Mostly
2013,7,,,,,,,,,,,,,,
2015,7,Fully,Mostly,Fully,Fully,Fully,Fully,Fully,Fully,Fully,Somewhat,N/A,Fully,Fully,N/A
2016,7,Fully,Mostly,Fully,Fully,Fully,Fully,Fully,Fully,Fully,Fully,Fully,Fully,Fully,Fully
2017,7,Fully,Fully,Fully,Fully,Fully,Fully,Fully,Fully,Fully,Fully,Fully,Fully,Fully,Fully
2018,7,Somewhat,Somewhat,Somewhat,Somewhat,Somewhat,Somewhat,Somewhat,Somewhat,Somewhat,Somewhat,Somewhat,Somewhat,Somewhat,Somewhat
2019,7,Mostly,Mostly,Mostly,Mostly,Mostly,Mostly,Mostly,Mostly,Mostly,Mostly,Mostly,Mostly,Mostly,Mostly
2020,7,Fully,Little,Fully,Fully,Fully,Fully,Fully,Fully,Fully,Mostly,Fully,Fully,Fully,Fully
2021,7,Mostly,Somewhat,Mostly,N/A,N/A,Mostly,Somewhat,Fully,Little,Little,N/A,N/A,Mostly,N/A
2022,7,Fully,Fully,Fully,Somewhat,Somewhat,Somewhat,Somewhat,Somewhat,Somewhat,Little,Somewhat,Somewhat,Somewhat,N/A
2023,7,Fully,Fully,Mostly,Mostly,Mostly,Fully,Fully,Fully,Fully,Little,Mostly,Mostly,Mostly,N/A
2024,7,Mostly,Fully,Little,Little,Little,Little,Little,Little,Little,None,Little,Little,Little,Little
2025,7,Mostly,Mostly,Mostly,Mostly,Mostly,Mostly,Mostly,Mostly,Mostly,Mostly,Mostly,Mostly,Mostly,Mostly
2026,7,Fully,Fully,Fully,Fully,Fully,Fully,Fully,Fully,Fully,Little,Fully,Fully,Fully,Fully
2027,7,Mostly,Mostly,Mostly,Mostly,Mostly,Mostly,Mostly,Mostly,Mostly,Mostly,Mostly,Mostly,Mostly,Mostly
2028,7,Somewhat,Somewhat,Somewhat,Somewhat,Somewhat,Somewhat,Somewhat,Somewhat,Somewhat,Somewhat,Somewhat,Somewhat,Somewhat,Somewhat
2029,7,None,None,None,None,None,Little,Little,Little,Little,Little,Little,Little,Little,Little
2030,7,Mostly,Mostly,Mostly,Mostly,Mostly,Fully,Fully,Fully,Fully,Somewhat,Fully,Fully,Fully,Fully
2031,7,Somewhat,Somewhat,Somewhat,Somewhat,Somewhat,Somewhat,Somewhat,Somewhat,Somewhat,Somewhat,Somewhat,Somewhat,Somewhat,Somewhat
2032,7,Fully,Fully,Mostly,Mostly,Mostly,Fully,Fully,Fully,Fully,None,Fully,Fully,Fully,Fully
2033,7,Somewhat,Somewhat,Somewhat,Somewhat,Somewhat,Somewhat,Somewhat,Somewhat,Somewhat,Somewhat,Somewhat,Somewhat,Somewhat,Somewhat
2034,7,Fully,Fully,Fully,Fully,Somewhat,Fully,Fully,Fully,Fully,Fully,Fully,Fully,Fully,Fully
2035,7,Somewhat,Somewhat,Somewhat,Somewhat,Somewhat,Somewhat,Somewhat,Somewhat,Somewhat,Somewhat,Somewhat,Somewhat,Somewhat,Somewhat
2036,7,Fully,Somewhat,Fully,Fully,Fully,Fully,Fully,Fully,Fully,Fully,Fully,Fully,Fully,Fully
2037,7,Fully,Fully,Fully,Fully,Fully,Fully,Fully,Fully,Fully,Little,Fully,Fully,Fully,Fully
2038,7,Fully,Fully,Fully,Fully,Fully,Fully,Fully,Fully,Fully,Little,Fully,Fully,Fully,Fully
2041,7,,,,,,,,,,,,,,
2043,7,Somewhat,Somewhat,Somewhat,Somewhat,Somewhat,Somewhat,Somewhat,Somewhat,Somewhat,Somewhat,Somewhat,Somewhat,Somewhat,Somewhat
2044,7,Somewhat,Somewhat,Somewhat,Somewhat,Somewhat,Somewhat,Somewhat,Somewhat,Somewhat,Somewhat,Somewhat,Somewhat,Somewhat,Somewhat
2045,7,Fully,Fully,Fully,Fully,Fully,Somewhat,Somewhat,Somewhat,Somewhat,Somewhat,Somewhat,Somewhat,Somewhat,Somewhat
2046,7,Fully,Mostly,Fully,Fully,Fully,Fully,Fully,Fully,Fully,Somewhat,Fully,N/A,Fully,N/A
2047,7,Fully,Fully,Fully,Fully,Fully,N/A,N/A,N/A,N/A,Little,Fully,Fully,Fully,Fully
2048,7,Fully,Fully,Fully,Fully,Fully,Fully,Fully,Fully,Fully,Little,Fully,Fully,Fully,Fully
2049,7,Fully,Fully,Somewhat,Somewhat,Somewhat,Somewhat,Somewhat,Somewhat,Somewhat,None,Somewhat,Somewhat,Somewhat,Somewhat
2050,7,Somewhat,Mostly,Little,Little,Little,Little,Little,Little,Little,Little,Little,N/A,Little,N/A
2051,7,Somewhat,Little,Little,Little,Little,Somewhat,Somewhat,Somewhat,Somewhat,Little,Somewhat,Somewhat,Somewhat,Somewhat
2052,7,Fully,Fully,Fully,Fully,Fully,Fully,Fully,Fully,Fully,Little,Fully,Fully,Fully,Fully
2053,7,Somewhat,None,Fully,Fully,Fully,Mostly,Mostly,Mostly,Mostly,Little,Mostly,Mostly,Mostly,Mostly
2054,7,Little,Little,Little,Little,Little,Fully,Fully,Fully,Fully,Little,Fully,Fully,Fully,Fully
2056,7,Fully,Somewhat,Fully,Fully,Fully,Fully,Fully,Fully,Fully,Somewhat,Fully,Fully,Fully,Fully
2057,7,Somewhat,Somewhat,Somewhat,Somewhat,Somewhat,Somewhat,Somewhat,Somewhat,Somewhat,Somewhat,Somewhat,Somewhat,Somewhat,Somewhat
2060,7,Fully,Fully,Fully,Fully,Fully,Fully,Fully,Fully,Fully,Fully,Fully,Fully,Fully,Fully
2065,7,Fully,Somewhat,Fully,Fully,Fully,Fully,Fully,Fully,Fully,Somewhat,Fully,Fully,Fully,N/A
2067,7,Fully,Fully,Fully,Fully,Fully,Fully,Fully,Fully,Fully,Fully,Fully,Fully,Fully,Fully
2068,7,Fully,Little,Fully,Fully,Fully,Fully,Fully,Fully,Fully,Fully,Fully,Fully,Fully,Fully
2069,7,Fully,Fully,Fully,Fully,Fully,Fully,Fully,Fully,Fully,Little,Fully,Fully,Fully,Fully
2072,7,Little,None,Fully,Fully,Fully,Fully,Fully,Fully,Fully,Little,Fully,Fully,Fully,Fully
2073,7,Mostly,Mostly,Mostly,Mostly,Mostly,Mostly,Mostly,Mostly,Mostly,Mostly,Mostly,Mostly,Mostly,Mostly
2074,7,Fully,Fully,Mostly,Mostly,Mostly,Mostly,Mostly,Somewhat,Somewhat,Little,Somewhat,Somewhat,Somewhat,Somewhat
2075,7,Fully,Fully,Mostly,Mostly,Fully,Fully,Fully,Fully,Mostly,Little,N/A,N/A,N/A,N/A
2076,7,Fully,Somewhat,Fully,Fully,Fully,Fully,Fully,Fully,Fully,Mostly,Fully,Fully,Fully,Fully
2077,7,Fully,Little,Mostly,Mostly,Fully,Fully,Fully,Fully,Fully,Mostly,Fully,N/A,N/A,N/A
2078,7,Somewhat,Somewhat,Somewhat,Somewhat,Somewhat,Somewhat,Somewhat,Somewhat,Somewhat,Somewhat,Somewhat,Somewhat,Somewhat,Somewhat
2079,7,Fully,Fully,Fully,Fully,Fully,Fully,Fully,Fully,Fully,Fully,Fully,Fully,Fully,Fully
2080,7,Somewhat,Somewhat,Fully,Fully,Fully,Fully,Fully,Fully,Fully,Mostly,Fully,Fully,Fully,Fully
2081,7,Somewhat,Somewhat,Somewhat,Somewhat,Somewhat,Somewhat,Somewhat,Somewhat,Somewhat,Somewhat,Somewhat,Somewhat,Somewhat,Somewhat
2082,7,Fully,Fully,Fully,Fully,Fully,Fully,Fully,Fully,Fully,Fully,Fully,Fully,Fully,Fully
2084,7,Mostly,Mostly,Fully,Fully,Fully,Fully,Fully,Fully,Fully,Fully,Fully,Fully,Fully,Fully
2089,7,Fully,Fully,Fully,Fully,Fully,Fully,Fully,Mostly,Mostly,Somewhat,Mostly,Mostly,Mostly,Mostly
2090,7,Somewhat,Somewhat,Somewhat,Somewhat,Somewhat,Somewhat,Somewhat,Somewhat,Somewhat,Somewhat,Somewhat,Somewhat,Somewhat,Somewhat
2091,7,Mostly,Fully,Somewhat,Somewhat,Somewhat,Somewhat,Somewhat,Somewhat,Somewhat,Somewhat,Somewhat,Somewhat,Somewhat,Somewhat
2093,7,Mostly,Mostly,Mostly,Mostly,Mostly,Mostly,Mostly,Mostly,Mostly,Mostly,Mostly,Mostly,Mostly,Mostly
2094,7,Little,Little,Little,Little,Little,Little,Little,Little,Little,Little,Little,Little,Little,Little
2095,7,Fully,Somewhat,Fully,Fully,Mostly,Fully,Fully,Fully,Fully,Fully,Fully,Fully,Fully,Fully
2096,7,Mostly,Mostly,Mostly,Mostly,Mostly,Mostly,Mostly,Mostly,Mostly,Mostly,Mostly,Mostly,Mostly,Mostly
2097,7,Somewhat,Somewhat,Fully,Fully,Fully,Mostly,Mostly,Mostly,Mostly,None,Mostly,Mostly,Mostly,Mostly
2098,7,Fully,Fully,Fully,Fully,Fully,Fully,Fully,Fully,Fully,Fully,Fully,Fully,Fully,Fully
2099,7,Little,Little,Little,Little,Little,None,None,None,None,None,None,None,None,None
2100,7,Mostly,Fully,Little,Little,Little,Little,Little,Little,Little,None,Little,Little,Little,Little
2102,7,Fully,Fully,Fully,Fully,Fully,Fully,Fully,Fully,Fully,Somewhat,N/A,N/A,Fully,N/A
2103,7,Somewhat,Somewhat,Somewhat,Somewhat,Somewhat,Somewhat,Somewhat,Somewhat,Somewhat,Somewhat,Somewhat,Somewhat,Somewhat,Somewhat
2106,7,Little,Little,Little,Little,Little,Somewhat,Somewhat,Somewhat,Somewhat,Little,None,None,None,None
2110,7,Somewhat,Somewhat,Somewhat,Somewhat,Somewhat,Somewhat,Somewhat,Somewhat,Somewhat,Somewhat,Somewhat,Somewhat,Somewhat,Somewhat
2111,7,Somewhat,None,Fully,Fully,Fully,Mostly,Mostly,Mostly,Mostly,Little,Mostly,Mostly,Mostly,Mostly
2112,7,Fully,Somewhat,Fully,Fully,Fully,Fully,Fully,Fully,Fully,Somewhat,Fully,Fully,Fully,N/A
2114,7,Somewhat,Somewhat,N/A,N/A,N/A,Somewhat,Somewhat,Somewhat,Somewhat,Little,Somewhat,Somewhat,Somewhat,Somewhat
2126,7,Fully,Fully,Fully,Fully,Fully,Mostly,Mostly,Mostly,Mostly,Somewhat,Mostly,Mostly,Mostly,Mostly
3001,7,Little,None,Somewhat,Somewhat,Somewhat,Fully,Mostly,Mostly,Mostly,None,Mostly,Mostly,Mostly,Mostly
3002,7,Fully,Fully,N/A,N/A,N/A,Fully,N/A,N/A,N/A,Little,N/A,N/A,N/A,N/A
3003,7,Fully,Fully,Somewhat,Somewhat,Little,Mostly,Mostly,Mostly,Somewhat,Somewhat,Mostly,Mostly,Mostly,Mostly
3006,7,Fully,Fully,Fully,Fully,Fully,Fully,Fully,Fully,Fully,Fully,Somewhat,Somewhat,Somewhat,Somewhat
3007,7,Fully,Fully,Fully,Fully,Fully,Fully,Fully,N/A,N/A,Somewhat,Fully,N/A,N/A,N/A
3008,7,Fully,Fully,Somewhat,Little,Little,None,None,None,None,None,None,None,None,None
3009,7,Mostly,Mostly,Somewhat,Somewhat,Somewhat,Somewhat,Somewhat,Little,Little,Little,Somewhat,Somewhat,Somewhat,Somewhat
3010,7,Little,Little,Somewhat,Little,None,Little,Somewhat,N/A,N/A,N/A,Somewhat,Little,Little,N/A
3011,7,Fully,Little,Fully,Fully,Fully,Fully,Fully,Fully,Fully,Somewhat,Fully,N/A,N/A,N/A
3013,7,Fully,Fully,Fully,Fully,Fully,Fully,Fully,Fully,Fully,Fully,Fully,Fully,Fully,Fully
3015,7,Little,Little,Little,Little,Little,Somewhat,Somewhat,Somewhat,Somewhat,Somewhat,Somewhat,Somewhat,Somewhat,Somewhat
3016,7,Fully,Fully,Fully,Fully,Fully,Fully,Fully,Fully,Fully,Fully,Fully,Fully,Fully,Fully
3018,7,Little,Little,None,None,None,Somewhat,Somewhat,Somewhat,Somewhat,Somewhat,Somewhat,Somewhat,Somewhat,Somewhat
3020,7,Fully,Fully,Fully,Fully,Fully,Fully,Fully,Fully,Fully,Little,Fully,Fully,Fully,Fully
3021,7,Little,None,Mostly,Mostly,Somewhat,Fully,Fully,Fully,Fully,Fully,Fully,Fully,Fully,Fully
3022,7,Fully,Fully,Mostly,Mostly,Mostly,Mostly,Mostly,Mostly,Mostly,None,Mostly,Mostly,Mostly,Mostly
3023,7,Fully,Fully,Little,Little,Little,Fully,Mostly,Mostly,Mostly,Somewhat,Mostly,N/A,Mostly,N/A
3024,7,Fully,Fully,Fully,None,None,Little,Little,Little,Little,Little,Little,Little,Little,None
3026,7,Fully,Fully,Mostly,Mostly,Mostly,Fully,Fully,Fully,Fully,None,Fully,Fully,Fully,Fully
3027,7,Little,Little,Somewhat,Little,None,Fully,Fully,Fully,Fully,Fully,Fully,Fully,Fully,Fully
3028,7,Mostly,Mostly,Mostly,Mostly,Mostly,Mostly,Mostly,Mostly,Mostly,Mostly,Mostly,N/A,Mostly,N/A
3029,7,Fully,Fully,Mostly,Somewhat,Somewhat,Fully,Somewhat,Fully,Fully,Mostly,Fully,N/A,N/A,N/A
3031,7,Somewhat,Fully,Somewhat,Somewhat,Somewhat,Mostly,Little,N/A,N/A,Little,N/A,N/A,N/A,N/A
3033,7,None,None,None,None,None,Little,Little,None,None,Little,Little,Little,Little,Little
3034,7,Somewhat,Fully,Mostly,Mostly,Mostly,Somewhat,Somewhat,Somewhat,Somewhat,Somewhat,Somewhat,Somewhat,Somewhat,Somewhat
3035,7,Fully,Fully,Fully,Fully,Fully,Little,Little,Little,Little,Little,None,None,None,None
3041,7,Fully,Fully,Fully,Fully,Fully,Mostly,Somewhat,Fully,Fully,Little,N/A,N/A,Somewhat,N/A
4001,7,Fully,Fully,Fully,Fully,Fully,Fully,Fully,Fully,Fully,Little,N/A,N/A,Fully,N/A
4002,7,Fully,Fully,Fully,Fully,Fully,N/A,N/A,Mostly,Mostly,Somewhat,N/A,Mostly,Mostly,Mostly
4004,7,Somewhat,Fully,Somewhat,Somewhat,Somewhat,Somewhat,Somewhat,Somewhat,Somewhat,N/A,Somewhat,Somewhat,Somewhat,Somewhat
4005,7,Fully,Mostly,Fully,Fully,Fully,Fully,Fully,Fully,Fully,Somewhat,Fully,Fully,Fully,Fully
4007,7,Fully,Fully,Fully,Fully,Fully,Fully,Fully,Fully,Fully,Little,Fully,Fully,Fully,Fully
4009,7,,,,,,,,,,,,,,
4010,7,Fully,Mostly,Fully,Fully,Fully,Fully,Fully,Fully,Fully,Mostly,Fully,Fully,Fully,Fully
4011,7,Mostly,Mostly,Mostly,Mostly,Mostly,Mostly,Mostly,Mostly,Mostly,Little,N/A,Mostly,Mostly,Mostly
4013,7,Mostly,Mostly,None,None,None,None,None,None,None,Somewhat,None,None,None,None
4014,7,Somewhat,Somewhat,Somewhat,Somewhat,Somewhat,N/A,N/A,None,None,None,N/A,None,None,None
4019,7,Somewhat,Mostly,N/A,N/A,N/A,Mostly,Mostly,Somewhat,Mostly,None,N/A,Mostly,Mostly,Somewhat
4020,7,Fully,Mostly,Fully,Fully,Fully,Fully,Fully,Fully,Fully,Fully,Fully,Fully,Fully,Fully
4021,7,N/A,Fully,Somewhat,Somewhat,Somewhat,N/A,N/A,Somewhat,Somewhat,N/A,Somewhat,Somewhat,Somewhat,Somewhat
4022,7,Mostly,Mostly,Mostly,Mostly,Mostly,Mostly,Mostly,Mostly,Mostly,Mostly,N/A,Mostly,Mostly,Mostly
4023,7,,,,,,,,,,,,,,
4025,7,Somewhat,Somewhat,Somewhat,Somewhat,Somewhat,Somewhat,Somewhat,Somewhat,Somewhat,Somewhat,N/A,Somewhat,Somewhat,Somewhat
4026,7,Somewhat,Somewhat,Somewhat,Somewhat,Somewhat,Somewhat,Somewhat,Somewhat,Somewhat,Somewhat,N/A,Somewhat,Somewhat,Somewhat
4027,7,Little,Little,Little,Little,Little,Little,Little,Somewhat,Somewhat,Little,Little,Little,Little,Little
4028,7,Mostly,Little,Mostly,Somewhat,Somewhat,N/A,N/A,Mostly,Somewhat,Somewhat,N/A,Somewhat,Somewhat,Somewhat
4029,7,Fully,Fully,Somewhat,Somewhat,Somewhat,N/A,N/A,Fully,Fully,N/A,Fully,Fully,Fully,Fully
4030,7,Somewhat,Somewhat,Somewhat,Somewhat,Somewhat,None,None,None,None,Somewhat,N/A,None,None,None
4031,7,Fully,Fully,Fully,Fully,Fully,Fully,Fully,Fully,Fully,Fully,Fully,Fully,Fully,Fully
4032,7,Somewhat,Fully,Somewhat,Somewhat,Somewhat,N/A,N/A,Somewhat,Somewhat,Little,N/A,Somewhat,Somewhat,Somewhat
4033,7,Mostly,Mostly,Mostly,Mostly,Mostly,N/A,N/A,N/A,N/A,Mostly,N/A,N/A,N/A,N/A
4034,7,Fully,Fully,Fully,Fully,Fully,N/A,N/A,N/A,N/A,Fully,N/A,N/A,N/A,N/A
4035,7,Little,Little,Fully,Fully,Fully,Fully,Fully,Fully,Fully,Fully,Fully,Fully,Fully,Fully
4037,7,Somewhat,Mostly,Somewhat,Somewhat,Little,None,None,None,None,Somewhat,N/A,None,None,None
4038,7,Fully,Fully,Somewhat,Somewhat,Somewhat,Somewhat,Somewhat,Somewhat,Somewhat,None,Somewhat,Somewhat,Somewhat,Somewhat
4039,7,Fully,Fully,Somewhat,Somewhat,Somewhat,Somewhat,Somewhat,Somewhat,Somewhat,Somewhat,Somewhat,Somewhat,Somewhat,Somewhat
4040,7,Somewhat,Mostly,Somewhat,Somewhat,Somewhat,N/A,N/A,Somewhat,Somewhat,Somewhat,N/A,Somewhat,Somewhat,None
4041,7,,,,,,,,,,,,,,
4043,7,Somewhat,Mostly,Somewhat,Mostly,Mostly,Somewhat,Somewhat,Mostly,Somewhat,Somewhat,Little,Somewhat,Somewhat,Little
4044,7,Fully,Fully,Fully,Somewhat,Somewhat,Mostly,Somewhat,Mostly,Mostly,Little,N/A,Mostly,Mostly,Mostly
4045,7,Somewhat,Mostly,Somewhat,Somewhat,Somewhat,N/A,N/A,None,None,Somewhat,N/A,None,None,None
4047,7,,,,,,,,,,,,,,
4048,7,Somewhat,Mostly,Somewhat,Mostly,Somewhat,Somewhat,Somewhat,Mostly,Somewhat,Mostly,Somewhat,Somewhat,Somewhat,Somewhat
4050,7,Somewhat,Mostly,Somewhat,Little,Somewhat,None,None,Little,Little,Somewhat,N/A,Little,Little,None
4051,7,Fully,Fully,Fully,Fully,Fully,Fully,Fully,Fully,Fully,Fully,Fully,Fully,Fully,Fully
4052,7,Somewhat,None,Mostly,Mostly,Mostly,Mostly,Mostly,Mostly,Mostly,Somewhat,Mostly,Mostly,Mostly,Mostly
4053,7,Somewhat,Mostly,Somewhat,Somewhat,Somewhat,Somewhat,Somewhat,Somewhat,Somewhat,Somewhat,Somewhat,Mostly,Somewhat,Mostly
4054,7,Fully,Mostly,Fully,Fully,Fully,Fully,Fully,Fully,Fully,Somewhat,N/A,Fully,Fully,Fully
4055,7,Mostly,Mostly,Mostly,Mostly,Mostly,Mostly,Mostly,Mostly,Mostly,Little,Mostly,Mostly,Mostly,Mostly
4057,7,Somewhat,Fully,Somewhat,Somewhat,Somewhat,Little,Little,Somewhat,Little,Little,Little,Somewhat,Somewhat,Little
4058,7,Fully,Fully,Fully,Fully,Fully,Fully,Fully,Fully,Fully,Fully,Fully,Fully,Fully,Fully
4059,7,Fully,Fully,Fully,Fully,Fully,Fully,Fully,Fully,Fully,N/A,N/A,Fully,Fully,Fully
4060,7,Fully,Fully,Fully,Fully,Fully,Fully,Fully,Fully,Fully,Fully,Fully,Fully,Fully,Fully
4063,7,Mostly,Mostly,Mostly,Mostly,Mostly,Somewhat,Somewhat,Somewhat,Somewhat,Mostly,N/A,Somewhat,Somewhat,Somewhat
4064,7,Mostly,Mostly,Mostly,Mostly,Mostly,Mostly,Mostly,Mostly,Mostly,N/A,N/A,Mostly,Mostly,Mostly
4066,7,Somewhat,Somewhat,Somewhat,Somewhat,Somewhat,Somewhat,Somewhat,Somewhat,Somewhat,Somewhat,Somewhat,Somewhat,Somewhat,Somewhat
4068,7,Mostly,Fully,Somewhat,Somewhat,Mostly,Mostly,Fully,Fully,Fully,Somewhat,N/A,Mostly,Fully,Fully
4070,7,Somewhat,Fully,Somewhat,Somewhat,Somewhat,N/A,N/A,Little,Little,N/A,Somewhat,Somewhat,Somewhat,Somewhat
4071,7,Somewhat,None,Somewhat,Somewhat,Somewhat,N/A,N/A,Somewhat,Somewhat,Little,N/A,Somewhat,Somewhat,Mostly
4073,7,Somewhat,Fully,Somewhat,Somewhat,Somewhat,N/A,N/A,Somewhat,Somewhat,Little,Little,Somewhat,Somewhat,Little
4074,7,Fully,Fully,Somewhat,Somewhat,Somewhat,Somewhat,Somewhat,Somewhat,Somewhat,Somewhat,Somewhat,Somewhat,Somewhat,Somewhat
4075,7,Somewhat,Somewhat,Fully,Fully,Fully,Fully,Fully,Fully,Fully,Fully,Fully,Fully,Fully,Fully
4076,7,Fully,Mostly,Fully,Fully,Fully,Fully,Fully,Fully,Fully,Fully,Fully,Fully,Fully,Fully
4078,7,Mostly,Fully,Somewhat,Somewhat,Somewhat,Somewhat,Somewhat,Somewhat,Somewhat,Little,N/A,Somewhat,Somewhat,Somewhat
4079,7,Somewhat,Fully,Somewhat,Somewhat,Somewhat,Somewhat,Somewhat,Somewhat,Somewhat,Little,N/A,Little,Little,Little
4082,7,Mostly,Somewhat,Fully,Fully,Mostly,Mostly,Somewhat,Fully,Mostly,None,N/A,Fully,Fully,N/A
4084,7,Somewhat,Fully,N/A,N/A,N/A,N/A,N/A,Somewhat,Somewhat,Somewhat,Somewhat,Somewhat,Somewhat,Somewhat
4086,7,Somewhat,Fully,Somewhat,Somewhat,Somewhat,N/A,N/A,Somewhat,Somewhat,Somewhat,Little,Somewhat,Somewhat,Little
4087,7,Mostly,Fully,Somewhat,Somewhat,Fully,Mostly,Mostly,Mostly,Mostly,Mostly,Mostly,Mostly,Mostly,Mostly
4089,7,Fully,Fully,Fully,Fully,Fully,Fully,Fully,Fully,Fully,Fully,Fully,Fully,Fully,Fully
4090,7,Somewhat,Little,Somewhat,Somewhat,Somewhat,N/A,N/A,Somewhat,Somewhat,Somewhat,N/A,Somewhat,Somewhat,Mostly
4095,7,Fully,Fully,Somewhat,Somewhat,Somewhat,Somewhat,Somewhat,Somewhat,Somewhat,Little,Little,Little,Little,Little
4103,7,Fully,Fully,Somewhat,Somewhat,Somewhat,Somewhat,Somewhat,Somewhat,Somewhat,Somewhat,Somewhat,Somewhat,Somewhat,Somewhat
4107,7,,,,,,,,,,,,,,
4108,7,Fully,Little,Fully,Fully,Fully,N/A,N/A,Fully,Fully,N/A,Fully,Fully,Fully,Fully
4110,7,Somewhat,Somewhat,Somewhat,Somewhat,Somewhat,N/A,N/A,Somewhat,Somewhat,N/A,Somewhat,Somewhat,Somewhat,Somewhat
4111,7,Somewhat,Somewhat,Somewhat,Somewhat,Somewhat,Somewhat,Somewhat,Somewhat,Somewhat,Somewhat,Somewhat,Somewhat,Mostly,Somewhat
5001,7,Somewhat,Fully,Somewhat,Somewhat,Somewhat,N/A,N/A,Somewhat,Somewhat,Somewhat,Somewhat,Somewhat,Somewhat,Somewhat
5002,7,Somewhat,Fully,Somewhat,Little,Somewhat,Fully,Somewhat,Somewhat,Somewhat,Somewhat,Somewhat,Somewhat,Somewhat,Somewhat
5005,7,Fully,Fully,Fully,Mostly,Mostly,Little,Little,Somewhat,Somewhat,None,Somewhat,Somewhat,Somewhat,Somewhat
5008,7,Little,Somewhat,None,None,Little,Little,Somewhat,Somewhat,Somewhat,None,N/A,Little,Somewhat,None
5009,7,Mostly,Mostly,Somewhat,Somewhat,Somewhat,Little,Little,Little,Little,Little,Little,Little,Little,Little
5010,7,Little,Little,N/A,N/A,N/A,Fully,Fully,Fully,Fully,Fully,Mostly,Mostly,Mostly,Mostly
5011,7,Mostly,Fully,Mostly,Mostly,Mostly,Mostly,Mostly,Mostly,Somewhat,Little,N/A,Mostly,Somewhat,N/A
5012,7,Fully,Fully,Fully,Fully,Fully,Mostly,Mostly,Fully,Fully,Somewhat,Fully,Fully,Fully,Fully
5013,7,Little,Little,Mostly,Mostly,Mostly,Mostly,Mostly,Mostly,Mostly,Mostly,Mostly,Mostly,Mostly,Mostly
5015,7,Fully,Fully,Mostly,Mostly,Mostly,Mostly,Mostly,Mostly,Mostly,Mostly,Mostly,Mostly,Mostly,Mostly
5016,7,Fully,Fully,Mostly,Fully,Fully,Fully,Somewhat,Fully,Somewhat,Fully,Fully,Fully,Fully,Fully
5018,7,Fully,Fully,Fully,Fully,Fully,Mostly,Fully,Mostly,Mostly,Little,N/A,Mostly,Mostly,Mostly
5019,7,Mostly,Somewhat,Fully,Fully,Fully,N/A,N/A,Fully,Fully,Somewhat,Mostly,Fully,Fully,Mostly
5020,7,Little,Mostly,Little,Little,Little,N/A,N/A,None,Little,Little,N/A,None,None,None
5021,7,Somewhat,Mostly,Little,Little,Somewhat,N/A,N/A,Somewhat,Somewhat,Somewhat,None,Little,Little,None
5022,7,N/A,Fully,Somewhat,Somewhat,Somewhat,N/A,N/A,Little,Little,Somewhat,N/A,None,None,None
5024,7,Mostly,Fully,Mostly,Mostly,Somewhat,N/A,N/A,Mostly,Mostly,Somewhat,N/A,Somewhat,Somewhat,Somewhat
5027,7,Fully,Fully,Fully,Fully,Fully,N/A,N/A,Fully,Fully,N/A,Fully,Fully,Fully,Fully
5030,7,Mostly,Mostly,Mostly,Somewhat,Little,Little,Little,Little,Little,Somewhat,None,None,None,None
5034,7,Mostly,Somewhat,Somewhat,Mostly,Mostly,Mostly,Somewhat,Mostly,Mostly,Somewhat,N/A,Mostly,Mostly,Little
5037,7,Somewhat,Somewhat,Little,Little,Little,None,None,None,None,None,N/A,None,None,None
5038,7,Somewhat,Somewhat,Somewhat,Little,Little,None,Little,Little,Little,Little,Little,Little,Somewhat,Little
5041,7,Little,Somewhat,Somewhat,Little,Little,Somewhat,Little,Little,Little,Somewhat,N/A,Little,Little,Little
5044,7,Mostly,Little,Mostly,Mostly,Somewhat,Mostly,Somewhat,Somewhat,Somewhat,Mostly,N/A,Somewhat,Somewhat,Mostly
5045,7,Mostly,Fully,Mostly,Mostly,Somewhat,Somewhat,Mostly,Mostly,Somewhat,Mostly,Somewhat,Mostly,Somewhat,Mostly
5046,7,Mostly,Mostly,Somewhat,Somewhat,Somewhat,Little,Little,Little,Little,Little,Little,Little,Little,Little
5047,7,Fully,Mostly,Somewhat,Somewhat,Somewhat,Fully,Mostly,Somewhat,Mostly,Somewhat,Fully,Mostly,Somewhat,Mostly
5049,7,Fully,Fully,N/A,N/A,N/A,Fully,Fully,Fully,Fully,N/A,Fully,Fully,Fully,Fully
5050,7,Somewhat,Fully,Somewhat,Somewhat,Somewhat,N/A,N/A,Little,Little,Somewhat,None,None,None,None
5051,7,Mostly,Somewhat,Mostly,Mostly,Somewhat,Mostly,Somewhat,Mostly,Mostly,Somewhat,N/A,Mostly,Mostly,Somewhat
5052,7,Fully,Mostly,Fully,Fully,Mostly,Mostly,Fully,Mostly,Somewhat,Mostly,N/A,Somewhat,Mostly,Little
5053,7,Mostly,Fully,Mostly,Mostly,Mostly,Mostly,Fully,Fully,Mostly,None,Mostly,Mostly,Mostly,Mostly
5054,7,Mostly,Somewhat,Fully,Fully,Mostly,Fully,Fully,Fully,Fully,Somewhat,N/A,Fully,Fully,Fully
5055,7,Fully,Mostly,Fully,Somewhat,Little,Mostly,Mostly,Somewhat,Somewhat,Somewhat,Somewhat,Mostly,Mostly,Somewhat
5056,7,Fully,Mostly,Fully,Mostly,Fully,Fully,Fully,Fully,Fully,Somewhat,Fully,Fully,Fully,Fully
5057,7,Somewhat,Mostly,Somewhat,Mostly,Mostly,Somewhat,Somewhat,Mostly,Mostly,Somewhat,Somewhat,Somewhat,Mostly,Somewhat
5061,7,Somewhat,Somewhat,Somewhat,Somewhat,Somewhat,N/A,N/A,Fully,Fully,N/A,Fully,Fully,Fully,Fully
5066,7,Somewhat,Somewhat,Somewhat,Somewhat,Somewhat,Little,Little,Little,Little,Little,Little,Little,Little,Little
5067,7,Somewhat,Mostly,Little,Somewhat,Somewhat,Somewhat,Somewhat,Somewhat,Somewhat,Mostly,Somewhat,Somewhat,Somewhat,Somewhat
5068,7,Somewhat,Mostly,Mostly,Somewhat,Somewhat,Somewhat,Little,Somewhat,Somewhat,Mostly,N/A,Little,Little,Little
5069,7,Somewhat,Somewhat,Mostly,Somewhat,Mostly,Fully,Mostly,Fully,Somewhat,Mostly,Fully,Mostly,Fully,Somewhat
5070,7,Somewhat,Mostly,Mostly,N/A,N/A,Fully,Mostly,Mostly,Somewhat,Fully,Somewhat,Somewhat,Somewhat,Mostly
5072,7,Somewhat,Fully,None,None,None,N/A,None,Little,Little,None,N/A,Little,Little,None
5073,7,Mostly,Somewhat,Mostly,Mostly,Mostly,N/A,N/A,Mostly,Mostly,Somewhat,N/A,Mostly,Mostly,N/A
5075,7,Little,Little,Little,Little,Little,Little,Little,Little,Little,Little,Little,Little,Little,Little
5077,7,Little,Little,Little,Little,Little,Somewhat,Little,Little,Little,Little,Little,Little,Little,Little
5082,7,Fully,Fully,Fully,Fully,Fully,Fully,Fully,Fully,Fully,Fully,N/A,Fully,Fully,N/A
5084,7,Mostly,Mostly,Mostly,N/A,Mostly,Mostly,Mostly,Mostly,Mostly,Mostly,N/A,Mostly,Mostly,Mostly
5086,7,Somewhat,Fully,Somewhat,Somewhat,Somewhat,N/A,N/A,Somewhat,Somewhat,Somewhat,N/A,Somewhat,Somewhat,Little
5088,7,Mostly,Little,Somewhat,Mostly,Somewhat,Mostly,Mostly,Somewhat,Mostly,None,N/A,Mostly,Mostly,Somewhat
5089,7,Mostly,Mostly,Somewhat,Somewhat,Somewhat,Somewhat,Somewhat,Somewhat,Somewhat,Somewhat,Somewhat,Somewhat,Somewhat,Somewhat
5093,7,Somewhat,Fully,Somewhat,N/A,N/A,N/A,N/A,Little,Little,N/A,Somewhat,Somewhat,Somewhat,Somewhat
5094,7,Little,Mostly,Little,Little,Little,N/A,N/A,Little,Little,None,N/A,Little,Little,Little
5096,7,Mostly,Somewhat,Mostly,Somewhat,Mostly,Mostly,Somewhat,Mostly,Mostly,Mostly,N/A,Mostly,Mostly,Mostly
6001,7,Fully,Fully,Fully,Fully,Fully,Fully,Fully,Fully,Fully,Fully,Fully,Fully,Fully,Fully
6002,7,Somewhat,Fully,Somewhat,Somewhat,Somewhat,N/A,Somewhat,Mostly,Somewhat,Somewhat,N/A,Somewhat,Somewhat,Little
6004,7,,,,,,,,,,,,,,
6005,7,Mostly,Somewhat,Mostly,Mostly,Mostly,Mostly,Somewhat,Mostly,Somewhat,Mostly,Fully,Somewhat,Somewhat,Fully
6007,7,Fully,Fully,Fully,Fully,Fully,Fully,Fully,Fully,Fully,Somewhat,Fully,Fully,Fully,Fully
6008,7,,,,,,,,,,,,,,
6009,7,Fully,Fully,Fully,Fully,Fully,Fully,Fully,Fully,Fully,Little,Fully,Mostly,Mostly,Fully
6011,7,Somewhat,Fully,Somewhat,Somewhat,Somewhat,Little,Little,Somewhat,Somewhat,Somewhat,Little,Somewhat,Somewhat,Little
6012,7,,,,,,,,,,,,,,
6013,7,Somewhat,None,Somewhat,Somewhat,Somewhat,Somewhat,Somewhat,Somewhat,Somewhat,Somewhat,Somewhat,Somewhat,Somewhat,Somewhat
6014,7,,,,,,,,,,,,,,
6015,7,Fully,Fully,Fully,Fully,Fully,Fully,Fully,Fully,Fully,Fully,Fully,Fully,Fully,Fully
6016,7,Fully,Fully,Fully,Fully,Fully,N/A,N/A,N/A,N/A,Somewhat,N/A,N/A,N/A,N/A
6018,7,Fully,Little,Fully,Somewhat,Somewhat,Fully,Fully,Fully,Fully,Fully,Mostly,Mostly,Mostly,Mostly
6019,7,Fully,Fully,Somewhat,Somewhat,Somewhat,Somewhat,Somewhat,Somewhat,Somewhat,Somewhat,Somewhat,Somewhat,Somewhat,Somewhat
6020,7,None,Somewhat,None,None,None,N/A,None,Little,None,Little,None,None,None,None
6021,7,Mostly,Fully,None,Somewhat,Somewhat,Somewhat,Somewhat,Somewhat,Somewhat,Somewhat,None,Somewhat,Somewhat,None
6022,7,Mostly,Mostly,Mostly,Mostly,Mostly,Mostly,Mostly,Mostly,Mostly,Mostly,N/A,Mostly,Mostly,Mostly
6023,7,Fully,Fully,Somewhat,Somewhat,Fully,Somewhat,Somewhat,Fully,Fully,Somewhat,Somewhat,Somewhat,Mostly,Fully
6024,7,Fully,Fully,Fully,Fully,Fully,Fully,Fully,Fully,Fully,Fully,Fully,Fully,Fully,Fully
6025,7,Somewhat,Mostly,Somewhat,Somewhat,Somewhat,None,None,None,None,Somewhat,N/A,None,None,None
6026,7,Fully,Fully,N/A,N/A,N/A,N/A,N/A,N/A,N/A,Fully,N/A,N/A,N/A,N/A
6027,7,Somewhat,Mostly,Somewhat,Somewhat,Somewhat,None,Somewhat,Somewhat,Somewhat,Somewhat,Somewhat,Little,Mostly,Little
6028,7,Fully,Little,Fully,Fully,Fully,N/A,N/A,Fully,Fully,Somewhat,Fully,Fully,Fully,Fully
6029,7,Fully,Fully,Fully,Fully,Mostly,N/A,N/A,Somewhat,Somewhat,Somewhat,Somewhat,N/A,N/A,Somewhat
6030,7,Mostly,Fully,Mostly,Mostly,Mostly,Mostly,Fully,Mostly,Fully,Little,N/A,Mostly,Mostly,N/A
6031,7,Somewhat,Fully,Somewhat,Somewhat,Somewhat,N/A,N/A,Mostly,Mostly,Somewhat,N/A,Somewhat,Somewhat,N/A
6032,7,Fully,Fully,Fully,Mostly,Fully,Fully,Fully,Fully,Fully,Fully,N/A,Mostly,Mostly,Mostly
6033,7,Somewhat,Fully,Somewhat,Somewhat,Somewhat,Somewhat,Little,Little,Little,None,Little,Little,Little,Little
6034,7,Fully,Fully,Fully,Fully,Fully,N/A,N/A,Fully,Fully,Little,N/A,Fully,Fully,N/A
6035,7,Mostly,Mostly,Mostly,Somewhat,Mostly,Little,Little,Little,Little,Somewhat,None,None,None,None
6036,7,Fully,Fully,Fully,Fully,Fully,Fully,Fully,Fully,Fully,Fully,Fully,Fully,Fully,Fully
6038,7,Fully,Fully,Somewhat,Somewhat,Somewhat,Somewhat,Somewhat,Somewhat,Somewhat,Somewhat,Somewhat,Somewhat,Somewhat,Somewhat
6040,7,Somewhat,Fully,N/A,Mostly,Somewhat,N/A,N/A,None,None,Somewhat,N/A,None,None,None
6041,7,Mostly,Fully,Fully,Somewhat,Somewhat,N/A,N/A,Somewhat,Somewhat,Somewhat,N/A,Somewhat,Somewhat,N/A
6042,7,Somewhat,Somewhat,Mostly,Mostly,Mostly,Mostly,Mostly,Mostly,Mostly,Mostly,Mostly,Mostly,Mostly,Mostly
6043,7,None,Fully,N/A,N/A,N/A,Somewhat,Little,N/A,N/A,None,N/A,Somewhat,Somewhat,Little
6044,7,Somewhat,Somewhat,Mostly,Somewhat,Little,Little,Little,Little,Little,None,Little,Little,Little,Little
6045,7,Mostly,Mostly,Somewhat,Mostly,Little,None,None,None,None,None,Little,Little,Little,Little
6046,7,Mostly,Somewhat,Somewhat,Somewhat,Little,Somewhat,Somewhat,Little,Somewhat,Mostly,N/A,Little,Little,None
6047,7,Somewhat,Somewhat,Somewhat,Somewhat,Somewhat,Little,Somewhat,Somewhat,Somewhat,Mostly,N/A,Mostly,Mostly,Mostly
6048,7,Somewhat,Fully,Somewhat,Somewhat,Somewhat,N/A,N/A,Somewhat,Somewhat,Little,N/A,Somewhat,Somewhat,None
6049,7,Fully,Mostly,Mostly,Mostly,Mostly,Mostly,Somewhat,Fully,Mostly,Little,N/A,Mostly,Mostly,Somewhat
6050,7,Somewhat,Somewhat,Somewhat,Little,N/A,N/A,N/A,Little,Little,N/A,Somewhat,Somewhat,Somewhat,Somewhat
6052,7,None,Little,Little,Little,Little,None,None,None,None,Somewhat,N/A,Little,Little,Little
6053,7,Mostly,Mostly,Mostly,Mostly,Somewhat,Mostly,Mostly,Mostly,Mostly,Mostly,Mostly,Mostly,Mostly,Mostly
6054,7,Mostly,Fully,Somewhat,Fully,Fully,N/A,N/A,None,None,None,None,None,None,None
6056,7,Somewhat,Somewhat,Little,Little,Little,None,None,Little,None,Little,None,None,None,None
6057,7,Mostly,Mostly,N/A,Fully,Somewhat,Mostly,Mostly,Little,Somewhat,Little,N/A,None,None,None
6058,7,Somewhat,Little,Mostly,Mostly,Somewhat,Somewhat,Somewhat,Mostly,Somewhat,Somewhat,Somewhat,Somewhat,Somewhat,Somewhat
6059,7,Mostly,Fully,Fully,N/A,N/A,Fully,Somewhat,Mostly,Mostly,Fully,Fully,Mostly,Fully,Mostly
6060,7,Fully,Mostly,Fully,Somewhat,Mostly,Mostly,Somewhat,Mostly,Mostly,Somewhat,Fully,Fully,Fully,Fully
6061,7,Fully,Mostly,Somewhat,Mostly,Mostly,Mostly,Mostly,Somewhat,Mostly,Mostly,Fully,Mostly,Mostly,Fully
6062,7,Mostly,Mostly,Somewhat,Somewhat,Mostly,Little,Little,Little,Little,Somewhat,N/A,Little,Little,Little
6063,7,Fully,Fully,Mostly,Mostly,Mostly,Somewhat,Somewhat,Somewhat,Somewhat,Somewhat,Somewhat,Somewhat,Somewhat,Somewhat
6064,7,Mostly,Mostly,Mostly,Mostly,Mostly,Mostly,Mostly,Mostly,Mostly,Mostly,Mostly,Mostly,Mostly,Mostly
6065,7,Mostly,Fully,Mostly,Mostly,Somewhat,None,None,Little,None,Little,N/A,Mostly,Mostly,Somewhat
6066,7,Mostly,Mostly,Somewhat,Somewhat,Somewhat,None,None,None,None,Somewhat,N/A,None,None,None
6067,7,Mostly,Somewhat,Mostly,Somewhat,Mostly,Somewhat,Somewhat,Little,Little,Somewhat,None,None,None,None
6068,7,Fully,Fully,Fully,Fully,Fully,Fully,Fully,Fully,Fully,Fully,Fully,Fully,Fully,Fully
6069,7,Somewhat,Mostly,Somewhat,Somewhat,Somewhat,Mostly,Somewhat,Somewhat,Somewhat,Mostly,Somewhat,Mostly,Mostly,Somewhat
6070,7,Fully,Fully,Fully,Fully,Fully,Mostly,Mostly,Mostly,Mostly,Mostly,Mostly,Mostly,Mostly,Mostly
6071,7,Fully,Fully,Fully,N/A,N/A,N/A,N/A,Mostly,Somewhat,Somewhat,N/A,Mostly,Mostly,Somewhat
6072,7,Fully,Fully,Somewhat,Somewhat,Somewhat,N/A,N/A,Somewhat,Somewhat,None,Somewhat,Somewhat,Somewhat,Somewhat
6073,7,Fully,Somewhat,Fully,Mostly,Mostly,Fully,Fully,Fully,Fully,N/A,N/A,Fully,Fully,Fully
6074,7,Mostly,Mostly,Little,Somewhat,Little,Little,Little,Little,Little,Somewhat,None,None,None,None
6076,7,Mostly,Mostly,Somewhat,N/A,N/A,Little,Little,Somewhat,Somewhat,Somewhat,Little,Little,Little,Little
6077,7,Somewhat,Fully,Somewhat,Somewhat,Somewhat,Somewhat,Somewhat,Somewhat,Somewhat,Somewhat,Somewhat,Somewhat,Somewhat,Somewhat
6078,7,Little,Little,Little,Somewhat,Little,Somewhat,Little,Somewhat,Somewhat,Somewhat,Somewhat,Somewhat,Somewhat,Somewhat
6079,7,Somewhat,Mostly,Somewhat,N/A,N/A,Fully,Somewhat,Somewhat,Mostly,Somewhat,Somewhat,Somewhat,Mostly,Somewhat
6081,7,Mostly,Fully,Mostly,Fully,Fully,Fully,Fully,Fully,Fully,Mostly,N/A,Fully,Fully,Fully
6082,7,Fully,Fully,Fully,Fully,Fully,N/A,N/A,Fully,Fully,Little,N/A,Fully,Fully,Mostly
6084,7,Fully,Fully,Fully,Fully,Fully,Fully,Fully,Fully,Fully,Fully,N/A,Mostly,Fully,Fully
6085,7,Somewhat,Fully,Somewhat,Somewhat,Somewhat,N/A,N/A,Somewhat,Somewhat,Somewhat,N/A,Somewhat,Somewhat,None
6086,7,Somewhat,Fully,Somewhat,Somewhat,Somewhat,Somewhat,Little,Little,Little,None,Somewhat,Somewhat,Somewhat,Somewhat
6087,7,Mostly,Fully,Mostly,Somewhat,Mostly,Mostly,Somewhat,Mostly,Fully,Somewhat,N/A,Mostly,Somewhat,None
6088,7,Mostly,Fully,Mostly,Mostly,Fully,Mostly,Mostly,Mostly,Somewhat,Little,N/A,Mostly,Mostly,Fully
6089,7,Somewhat,Somewhat,Somewhat,Somewhat,Somewhat,Little,Little,Little,Little,None,Little,Little,Little,Little
6090,7,Fully,Fully,Somewhat,Somewhat,Somewhat,Somewhat,Somewhat,Somewhat,Somewhat,Somewhat,Somewhat,Somewhat,Somewhat,Somewhat
6092,7,Fully,Fully,Fully,Mostly,N/A,Fully,Mostly,Somewhat,Mostly,Mostly,Fully,Mostly,Somewhat,Mostly
6093,7,Mostly,Somewhat,Somewhat,Mostly,Somewhat,Mostly,Somewhat,Mostly,Mostly,Mostly,Fully,Fully,Fully,Fully
6094,7,Somewhat,Somewhat,Little,Little,Little,Little,Little,Little,Little,Little,Little,Little,Little,Little
6095,7,Fully,Fully,Fully,Fully,Fully,Fully,Fully,Fully,Fully,Fully,N/A,Fully,Fully,Fully
6096,7,Somewhat,Little,Mostly,Mostly,Mostly,N/A,N/A,Mostly,Somewhat,Somewhat,Somewhat,Somewhat,Somewhat,Somewhat
6098,7,Mostly,Mostly,Mostly,Mostly,Mostly,Somewhat,Somewhat,Somewhat,Somewhat,Somewhat,Somewhat,Somewhat,Somewhat,Somewhat
6101,7,Fully,Fully,Fully,Fully,Fully,Fully,Fully,Fully,Fully,Fully,N/A,Fully,Fully,Fully
6102,7,Somewhat,Mostly,Somewhat,Mostly,Somewhat,Somewhat,Mostly,Somewhat,Mostly,Somewhat,Somewhat,Mostly,Somewhat,Mostly
6103,7,Fully,Fully,Fully,Fully,Fully,N/A,N/A,Somewhat,Somewhat,Little,None,Little,Little,N/A
6104,7,Somewhat,Fully,None,None,Somewhat,N/A,N/A,Somewhat,Somewhat,Little,Somewhat,Somewhat,Somewhat,Somewhat
6105,7,,,,,,,,,,,,,,
6107,7,Little,Little,Mostly,Mostly,Mostly,Mostly,Mostly,Mostly,Mostly,Mostly,Mostly,Mostly,Mostly,Mostly
6108,7,Somewhat,Mostly,Somewhat,Mostly,Little,Mostly,Somewhat,Little,Somewhat,Mostly,Somewhat,Mostly,Somewhat,Little
6109,7,Fully,Fully,Fully,Fully,Fully,Fully,Fully,Fully,Fully,Fully,Mostly,Mostly,Mostly,Mostly
6112,7,Somewhat,Fully,Somewhat,Somewhat,Somewhat,None,Somewhat,Somewhat,Somewhat,Little,N/A,Somewhat,Somewhat,Little
6113,7,Somewhat,Mostly,Mostly,Mostly,Little,Mostly,Somewhat,Mostly,Mostly,Somewhat,Little,Little,Little,Little
6114,7,Mostly,Fully,Mostly,Mostly,Mostly,Somewhat,Somewhat,Mostly,Somewhat,Somewhat,Somewhat,Somewhat,Somewhat,Somewhat
6115,7,,,,,,,,,,,,,,
6116,7,Fully,Fully,Fully,Fully,Fully,Fully,Fully,Fully,Fully,Fully,Fully,Fully,Fully,Fully
6123,7,Mostly,Little,Mostly,Mostly,Mostly,N/A,N/A,Mostly,Somewhat,Mostly,N/A,Somewhat,Somewhat,N/A
6124,7,Mostly,Mostly,Mostly,N/A,Mostly,N/A,N/A,Mostly,Mostly,Somewhat,Fully,Mostly,Mostly,N/A
7002,7,Mostly,Fully,Mostly,Somewhat,Fully,Fully,Mostly,Mostly,Mostly,None,N/A,Mostly,Mostly,Fully
7003,7,Somewhat,Little,Somewhat,Somewhat,Somewhat,N/A,N/A,Somewhat,Somewhat,Somewhat,N/A,Somewhat,Somewhat,Somewhat
7004,7,Little,Fully,Mostly,Little,Mostly,Somewhat,Somewhat,Mostly,Mostly,Somewhat,N/A,Somewhat,Somewhat,Mostly
7005,7,Fully,Fully,Fully,Fully,Fully,N/A,N/A,Fully,Fully,N/A,Fully,Fully,Fully,Fully
7006,7,Mostly,Somewhat,Fully,Mostly,Fully,Somewhat,Mostly,Mostly,Somewhat,None,N/A,Fully,Mostly,Mostly
7007,7,Fully,Mostly,Fully,Mostly,Fully,Fully,Mostly,Fully,Fully,Somewhat,N/A,Mostly,Fully,Fully
7008,7,Somewhat,Mostly,Somewhat,Somewhat,Somewhat,Somewhat,Somewhat,Somewhat,Somewhat,Somewhat,N/A,Somewhat,Somewhat,N/A
7009,7,Somewhat,Somewhat,Fully,Fully,Fully,N/A,N/A,Fully,Fully,N/A,Fully,Fully,Fully,Fully
7010,7,Little,Little,None,None,None,N/A,N/A,Little,Little,N/A,Little,Little,Little,Little
7011,7,Mostly,Fully,Somewhat,Somewhat,Somewhat,N/A,N/A,Somewhat,Somewhat,Somewhat,N/A,Somewhat,Somewhat,None
7012,7,Fully,Fully,Fully,Fully,Fully,Fully,Fully,Fully,Fully,Fully,Fully,Fully,N/A,Fully
7013,7,Fully,Fully,Fully,Fully,Fully,Fully,Fully,Fully,Fully,Fully,Fully,Fully,Fully,Fully
7014,7,Fully,Fully,Fully,Fully,Fully,Fully,Fully,Fully,Fully,Somewhat,Fully,Fully,Fully,Mostly
7015,7,Mostly,Somewhat,Somewhat,Somewhat,Somewhat,Somewhat,Somewhat,Mostly,Mostly,Somewhat,Somewhat,Mostly,Somewhat,Mostly
7016,7,Somewhat,Mostly,Mostly,Mostly,Mostly,Mostly,Mostly,Somewhat,Mostly,Mostly,N/A,Somewhat,Mostly,Little
7017,7,Fully,Fully,Fully,Fully,Fully,N/A,N/A,Mostly,Mostly,Somewhat,Mostly,Mostly,Mostly,Mostly
7018,7,Fully,Fully,Fully,Fully,Fully,Fully,Fully,Fully,Fully,Fully,Fully,Fully,Fully,Fully
7019,7,Mostly,Mostly,Somewhat,Somewhat,Fully,N/A,N/A,Somewhat,Somewhat,Somewhat,Somewhat,Somewhat,Somewhat,Somewhat
7020,7,Fully,Mostly,Fully,Fully,Fully,Fully,Fully,Fully,Fully,Somewhat,N/A,Fully,Fully,Fully
7021,7,Somewhat,Mostly,Somewhat,Somewhat,Somewhat,N/A,N/A,Little,Little,N/A,Little,Little,Little,Little
7022,7,Little,Little,Mostly,Mostly,Mostly,Fully,Fully,Fully,Fully,Fully,Fully,Fully,Fully,Fully
7023,7,Mostly,Mostly,Somewhat,Somewhat,Somewhat,None,None,None,None,Somewhat,N/A,None,None,None
7024,7,Somewhat,Fully,Somewhat,Somewhat,Somewhat,N/A,N/A,Somewhat,Somewhat,Somewhat,Somewhat,Somewhat,Somewhat,Somewhat
7025,7,Somewhat,Fully,Somewhat,Somewhat,Somewhat,N/A,N/A,Somewhat,Somewhat,Somewhat,N/A,Somewhat,Somewhat,Little
7026,7,Somewhat,Fully,Somewhat,Somewhat,Somewhat,N/A,N/A,Somewhat,Somewhat,Somewhat,Somewhat,Somewhat,Somewhat,Somewhat
7027,7,Mostly,Mostly,Little,Little,Little,Little,Little,Little,Little,Little,Little,Little,Little,Little
7028,7,Somewhat,Fully,Somewhat,Somewhat,Somewhat,N/A,N/A,Somewhat,Somewhat,Somewhat,N/A,Somewhat,Somewhat,Little
7029,7,Mostly,Fully,Mostly,Somewhat,Fully,Mostly,Fully,Mostly,Mostly,Little,N/A,Mostly,Mostly,Fully
7030,7,Little,Little,Little,Little,Little,Somewhat,Somewhat,Somewhat,Somewhat,Somewhat,Somewhat,Somewhat,Somewhat,Somewhat
7031,7,Fully,Fully,Mostly,Mostly,Mostly,Somewhat,Somewhat,Somewhat,Somewhat,Somewhat,Somewhat,Somewhat,Somewhat,Somewhat
7032,7,Somewhat,Somewhat,Mostly,Somewhat,Mostly,Somewhat,Somewhat,Mostly,Somewhat,Somewhat,Somewhat,Somewhat,Somewhat,Somewhat
7033,7,Somewhat,Fully,Somewhat,Somewhat,Somewhat,N/A,N/A,Little,Little,Little,N/A,Little,Little,Little
7034,7,Somewhat,Somewhat,Somewhat,Somewhat,Somewhat,Somewhat,Little,Somewhat,Somewhat,Somewhat,Somewhat,Little,Somewhat,Little
7035,7,Mostly,Somewhat,Fully,Fully,Fully,Fully,Fully,Fully,Fully,Fully,Fully,Fully,Fully,Fully
7036,7,Somewhat,Somewhat,Little,Little,Little,Little,Little,Little,Little,Somewhat,N/A,Little,N/A,N/A
7037,7,Fully,Fully,Fully,Fully,Fully,N/A,N/A,Fully,Fully,N/A,Fully,Fully,Fully,Fully
7038,7,Somewhat,Somewhat,Little,Little,Somewhat,Little,None,Mostly,Mostly,Mostly,N/A,Mostly,Mostly,Mostly
7039,7,Fully,Fully,Fully,Fully,Fully,Fully,Fully,Fully,Fully,Fully,Fully,Fully,Fully,Fully
7040,7,Fully,Fully,Somewhat,Somewhat,Somewhat,Somewhat,Somewhat,Somewhat,Somewhat,Somewhat,Little,Little,Little,Little
7041,7,Somewhat,Somewhat,Somewhat,Somewhat,Somewhat,Somewhat,Somewhat,Somewhat,Somewhat,None,N/A,Somewhat,Somewhat,Somewhat
7042,7,Mostly,Mostly,Mostly,Mostly,Mostly,Mostly,Mostly,Mostly,Mostly,Mostly,N/A,Little,Little,N/A
7043,7,Mostly,None,Fully,Fully,Fully,Mostly,Mostly,Fully,Mostly,Somewhat,N/A,Fully,Fully,Mostly
7049,7,Fully,Fully,Somewhat,Somewhat,Somewhat,Somewhat,Somewhat,Somewhat,Somewhat,Somewhat,Somewhat,Somewhat,Somewhat,Somewhat
8001,7,Fully,Fully,Fully,Fully,Fully,Fully,Fully,Fully,Fully,None,Fully,Fully,Fully,N/A
8002,7,Fully,Fully,Fully,Fully,Fully,Fully,Fully,Fully,Fully,Little,Fully,Fully,Fully,Fully
8003,7,Fully,Fully,Fully,Fully,Fully,Fully,Fully,Fully,Fully,Little,Fully,Fully,Fully,Fully
8005,7,Fully,Fully,Fully,Fully,Fully,Fully,Somewhat,Mostly,Somewhat,None,Fully,N/A,Fully,N/A
8006,7,Fully,Fully,Fully,Fully,Fully,Fully,Fully,Fully,Fully,Fully,N/A,N/A,N/A,N/A
8007,7,Somewhat,Somewhat,Little,Little,Little,Little,Little,Little,Little,N/A,Little,Little,Little,Little
8009,7,Mostly,Fully,Little,Somewhat,Mostly,Somewhat,Little,Somewhat,Little,Little,Somewhat,Little,Mostly,N/A
8010,7,Somewhat,Little,Mostly,Mostly,Fully,Fully,Little,Fully,Fully,Little,Fully,N/A,Fully,N/A
8011,7,Little,Little,Little,Little,Little,Little,Little,Little,Little,Little,Little,Little,Little,Little
8012,7,Somewhat,Somewhat,Little,Little,Little,Somewhat,Somewhat,Somewhat,Somewhat,None,Somewhat,Somewhat,Somewhat,Somewhat
8013,7,Fully,Fully,Fully,Fully,Fully,Fully,Little,Fully,Fully,Little,Fully,N/A,Fully,N/A
8014,7,Fully,None,Fully,Fully,Fully,N/A,N/A,Fully,Fully,Somewhat,Fully,Fully,Fully,Fully
8015,7,Mostly,Fully,Somewhat,Somewhat,Somewhat,Somewhat,Somewhat,Somewhat,Somewhat,N/A,Somewhat,Somewhat,Somewhat,Somewhat
8018,7,Mostly,Little,Mostly,Fully,Fully,N/A,N/A,Fully,Fully,Little,Fully,Fully,Fully,Fully
8019,7,Somewhat,Mostly,Mostly,Mostly,Mostly,Somewhat,Mostly,Somewhat,Mostly,N/A,Mostly,Mostly,Mostly,Mostly
8020,7,Somewhat,Somewhat,Somewhat,Somewhat,Somewhat,Somewhat,Somewhat,Somewhat,Somewhat,Somewhat,Somewhat,Somewhat,Somewhat,Somewhat
8021,7,Somewhat,Fully,Somewhat,Somewhat,Somewhat,N/A,N/A,Little,Little,None,Little,Little,Little,N/A
8022,7,Mostly,Fully,Somewhat,Somewhat,Somewhat,Somewhat,Somewhat,Somewhat,Somewhat,None,Somewhat,Somewhat,Somewhat,Somewhat
8024,7,Fully,Fully,Mostly,Mostly,Mostly,Mostly,Mostly,Mostly,Mostly,None,Mostly,Mostly,Mostly,Mostly
8025,7,Fully,Fully,Somewhat,Little,Somewhat,Fully,Little,Mostly,Mostly,Little,Fully,N/A,N/A,Little
8026,7,Little,Little,Little,Little,Little,Little,Little,Little,Little,Little,Little,Little,Little,Little
8027,7,Somewhat,Fully,Somewhat,N/A,Somewhat,N/A,N/A,Somewhat,Somewhat,Little,Somewhat,Somewhat,Somewhat,Somewhat
8029,7,Fully,Fully,Fully,Fully,Fully,Fully,Little,Fully,Fully,Somewhat,Fully,N/A,Fully,N/A
8030,7,Mostly,Mostly,Mostly,Mostly,Mostly,Mostly,Mostly,Mostly,Mostly,Mostly,Mostly,Mostly,Mostly,Mostly
8032,7,Fully,Fully,Fully,Fully,Fully,Fully,Fully,Fully,Fully,None,Fully,Fully,Fully,N/A
8034,7,Fully,Somewhat,Fully,Fully,Fully,Fully,Fully,Fully,Fully,None,Fully,Fully,Fully,N/A
8035,7,Fully,Fully,Fully,Fully,Fully,Fully,Fully,Fully,Fully,Little,Fully,Fully,Fully,Fully
8036,7,Fully,Fully,Fully,Fully,Fully,Fully,Fully,Fully,Fully,Little,Fully,N/A,Fully,N/A
8038,7,Mostly,Mostly,Mostly,Mostly,Mostly,Mostly,Mostly,Mostly,Mostly,None,Mostly,Mostly,Mostly,Mostly
8039,7,Mostly,Mostly,Mostly,Mostly,Mostly,Mostly,Mostly,Mostly,Mostly,Mostly,Mostly,Mostly,Mostly,Mostly
8040,7,,,,,,,,,,,,,,
8041,7,,,,,,,,,,,,,,
8044,7,Mostly,Little,Mostly,Mostly,Mostly,Mostly,Mostly,Mostly,Mostly,None,Fully,Fully,Fully,Fully
8045,7,Mostly,Mostly,Fully,Fully,Fully,Fully,Fully,Fully,Fully,Somewhat,Fully,Fully,Fully,Fully
8047,7,Fully,Fully,Mostly,Mostly,Mostly,Mostly,Mostly,Mostly,Mostly,None,Mostly,Mostly,Mostly,Mostly
8048,7,Somewhat,Little,Fully,Fully,Fully,Mostly,Somewhat,Fully,Fully,Little,Fully,Fully,Fully,N/A
8049,7,Mostly,Fully,Somewhat,Somewhat,Fully,Little,Somewhat,Little,Little,Little,Little,Little,Little,N/A
8051,7,,,,,,,,,,,,,,
8052,7,Mostly,Little,Fully,Fully,Fully,Fully,Fully,Fully,Fully,None,Fully,Fully,Fully,Fully
8053,7,Somewhat,Somewhat,Somewhat,Somewhat,Somewhat,Somewhat,Somewhat,Somewhat,Somewhat,Somewhat,Somewhat,Somewhat,Somewhat,Somewhat
8054,7,Mostly,Somewhat,Mostly,Fully,Fully,Fully,Fully,Fully,Fully,Little,Fully,Fully,Fully,Fully
8055,7,Mostly,Mostly,Mostly,Mostly,Mostly,Mostly,Mostly,Mostly,Mostly,Mostly,Mostly,Mostly,Mostly,Mostly
8056,7,Fully,Mostly,Fully,Fully,Fully,Fully,Fully,Fully,Fully,Little,Fully,N/A,Fully,Fully
8057,7,Fully,Fully,Fully,Somewhat,Somewhat,Fully,Mostly,Fully,Fully,Little,Mostly,N/A,Fully,N/A
8059,7,Mostly,Somewhat,Fully,Fully,Fully,Fully,Fully,Fully,Fully,Little,Fully,Fully,Fully,Fully
8061,7,Fully,Fully,Fully,Fully,Fully,Fully,Fully,Fully,Fully,Fully,Fully,Fully,Fully,Fully
8062,7,Fully,Somewhat,Fully,Fully,Fully,N/A,N/A,Fully,Fully,Little,Fully,Fully,Fully,Fully
8070,7,Fully,Fully,Fully,Mostly,Mostly,Fully,Fully,Fully,Fully,Little,Fully,N/A,Fully,N/A
9001,7,,,,,,,,,,,,,,
9002,7,Fully,Fully,Fully,Fully,Fully,Fully,Fully,Fully,Fully,None,N/A,Fully,Fully,Fully
9003,7,Fully,Fully,Fully,Fully,Fully,Mostly,Mostly,Mostly,Mostly,Mostly,Somewhat,Somewhat,Somewhat,Somewhat
9004,7,Mostly,Fully,Mostly,Somewhat,Somewhat,Little,Mostly,Mostly,Somewhat,None,N/A,Somewhat,Little,None
9005,7,Fully,Fully,Somewhat,Mostly,Mostly,Somewhat,Somewhat,Mostly,Mostly,None,Somewhat,Mostly,Mostly,Somewhat
9006,7,Fully,Fully,Fully,Mostly,Fully,Fully,Mostly,Fully,Fully,Little,Mostly,Fully,Fully,Fully
9007,7,Fully,Fully,Somewhat,Somewhat,Somewhat,Little,Little,Somewhat,Somewhat,None,None,Little,Little,None
9008,7,Somewhat,Somewhat,Somewhat,Somewhat,Somewhat,Somewhat,Somewhat,Somewhat,Somewhat,None,Somewhat,Somewhat,Somewhat,Somewhat
9009,7,Fully,Fully,None,Somewhat,Somewhat,Mostly,None,Mostly,None,N/A,N/A,None,None,None
9010,7,Mostly,Mostly,Mostly,Somewhat,Mostly,N/A,N/A,Mostly,Mostly,None,N/A,N/A,Mostly,N/A
9011,7,Fully,Fully,Mostly,Little,Somewhat,Little,None,Somewhat,Little,None,Little,Somewhat,Somewhat,None
9012,7,Mostly,Mostly,None,None,Little,Little,Somewhat,Mostly,Somewhat,None,N/A,Mostly,Mostly,Little
9013,7,Fully,Fully,Somewhat,Somewhat,Somewhat,Somewhat,Little,Somewhat,Little,None,None,Somewhat,Somewhat,None
9014,7,Fully,Fully,Fully,Fully,Fully,Mostly,Somewhat,Somewhat,Somewhat,None,N/A,Somewhat,Somewhat,Somewhat
9015,7,Fully,Fully,Somewhat,Somewhat,Somewhat,Somewhat,Somewhat,Somewhat,Somewhat,None,Somewhat,Somewhat,Somewhat,Somewhat
9016,7,Fully,Fully,Somewhat,Mostly,Somewhat,Mostly,Somewhat,Somewhat,Mostly,N/A,Little,Mostly,Mostly,Little
9017,7,Fully,Fully,Somewhat,Somewhat,Somewhat,Somewhat,Somewhat,Somewhat,Somewhat,Somewhat,Somewhat,Somewhat,Somewhat,Somewhat
9020,7,Fully,Fully,Somewhat,Somewhat,Little,Somewhat,Somewhat,Somewhat,Little,None,N/A,Somewhat,Somewhat,Little
9021,7,Fully,Fully,Somewhat,N/A,Somewhat,Somewhat,None,Somewhat,None,None,None,None,None,None
9022,7,Fully,Fully,Somewhat,Somewhat,Somewhat,Little,Little,Little,Little,None,Little,Little,Little,Little
9023,7,,,,,,,,,,,,,,
9024,7,Fully,Fully,Somewhat,Somewhat,Somewhat,Little,Little,Little,Little,None,Little,Somewhat,Somewhat,None
9025,7,Fully,Fully,Somewhat,N/A,Somewhat,Somewhat,Little,Somewhat,Little,None,N/A,Little,Little,Little
9026,7,Fully,Fully,Somewhat,Somewhat,Somewhat,Somewhat,Somewhat,Somewhat,Somewhat,Somewhat,Somewhat,Somewhat,Somewhat,Somewhat
9027,7,Fully,Fully,Little,Somewhat,Somewhat,Somewhat,Somewhat,Somewhat,Somewhat,None,None,Somewhat,Somewhat,Little
9028,7,Fully,Fully,Mostly,N/A,Somewhat,Somewhat,Little,Somewhat,Little,None,N/A,Little,Little,Little
9029,7,Fully,Fully,Fully,Fully,Fully,Fully,Fully,Fully,Fully,Fully,N/A,Fully,Fully,Fully
9030,7,Little,Little,Little,Little,Little,Little,Little,Little,Little,Little,Little,Little,Little,Little
9031,7,Mostly,Fully,Somewhat,Somewhat,Somewhat,Mostly,Mostly,Little,Little,None,None,Little,Little,None
9032,7,Mostly,Fully,Mostly,Somewhat,Mostly,Somewhat,Somewhat,Mostly,Somewhat,None,N/A,Somewhat,Somewhat,None
9033,7,Somewhat,Little,Somewhat,Somewhat,Somewhat,Somewhat,Somewhat,Mostly,Somewhat,None,N/A,N/A,Somewhat,Somewhat
9034,7,Fully,Fully,Little,Little,Little,Somewhat,Somewhat,Somewhat,Somewhat,Somewhat,Somewhat,Somewhat,Somewhat,Somewhat
9035,7,Fully,Fully,Mostly,Fully,Fully,Mostly,Mostly,Mostly,Fully,Little,N/A,Fully,Mostly,Mostly
9036,7,Fully,Fully,Somewhat,Somewhat,Somewhat,Somewhat,Somewhat,Somewhat,Somewhat,None,Somewhat,Somewhat,Somewhat,Somewhat
9037,7,Fully,Fully,Mostly,Mostly,Mostly,Mostly,Fully,Mostly,Fully,Little,N/A,Somewhat,Mostly,Somewhat
9038,7,Fully,Fully,Little,Little,Little,Little,Little,Little,Little,None,Little,Little,Little,Little
9039,7,Fully,Fully,Somewhat,None,Somewhat,None,None,None,None,None,N/A,None,None,None
9040,7,Mostly,Fully,Somewhat,Mostly,Somewhat,N/A,None,Fully,Mostly,None,N/A,Somewhat,Mostly,None
9041,7,Fully,Fully,Mostly,Mostly,Mostly,Little,Somewhat,Somewhat,Somewhat,None,Little,Mostly,Mostly,Little
9042,7,Somewhat,Somewhat,Somewhat,Somewhat,Mostly,Little,Little,Somewhat,Little,Little,N/A,Little,Little,N/A
9043,7,Fully,Fully,Somewhat,Somewhat,Somewhat,Little,Little,Little,Little,None,Little,Somewhat,Somewhat,None
9044,7,Fully,Somewhat,Fully,Fully,Fully,Fully,Fully,Fully,Fully,Mostly,Fully,Fully,Fully,Fully
9045,7,Fully,Fully,Somewhat,Somewhat,Somewhat,Little,Little,Little,Little,None,None,Little,Little,None
9046,7,Fully,Fully,Little,Little,Little,Little,Little,Little,Little,None,None,Little,Little,None
9047,7,Mostly,Fully,Mostly,Mostly,Little,Mostly,Somewhat,Fully,Somewhat,None,N/A,Mostly,Mostly,Mostly
9048,7,Fully,Mostly,Mostly,Somewhat,Mostly,Somewhat,Mostly,Fully,Mostly,None,N/A,Mostly,Mostly,Little
9049,7,Fully,Mostly,Mostly,Mostly,Mostly,Somewhat,Somewhat,Mostly,Mostly,Somewhat,N/A,Mostly,Fully,N/A
9050,7,,,,,,,,,,,,,,
9051,7,Fully,Fully,Somewhat,Somewhat,Somewhat,Somewhat,Somewhat,Somewhat,Somewhat,None,Little,Somewhat,Somewhat,None
9052,7,Fully,Fully,Somewhat,Somewhat,Somewhat,Somewhat,None,Somewhat,None,None,N/A,None,None,None
9053,7,Fully,Fully,Mostly,Somewhat,None,Mostly,Somewhat,Mostly,Somewhat,None,N/A,Mostly,Somewhat,None
9054,7,Mostly,Fully,Somewhat,Mostly,Mostly,Mostly,Somewhat,Fully,Mostly,None,Somewhat,Mostly,Mostly,Somewhat
9055,7,Mostly,Somewhat,Mostly,Somewhat,Somewhat,N/A,N/A,Mostly,Mostly,None,N/A,Mostly,Mostly,Somewhat
9056,7,Somewhat,Somewhat,Somewhat,Somewhat,Somewhat,Somewhat,Somewhat,Somewhat,Somewhat,None,Somewhat,Somewhat,Somewhat,Somewhat
9057,7,Mostly,Fully,Mostly,Somewhat,Somewhat,Somewhat,Somewhat,Mostly,Little,None,Little,Somewhat,Somewhat,Mostly
9058,7,Fully,Fully,Mostly,Mostly,Fully,Mostly,Somewhat,Mostly,Somewhat,None,N/A,Somewhat,Somewhat,Somewhat
9059,7,,,,,,,,,,,,,,
9060,7,Somewhat,Mostly,Somewhat,Somewhat,Somewhat,Somewhat,Little,Somewhat,Mostly,Little,N/A,Somewhat,Somewhat,Somewhat
9061,7,Mostly,Fully,Somewhat,Somewhat,Mostly,Mostly,Somewhat,Fully,Mostly,None,N/A,Mostly,Mostly,Mostly
9062,7,Fully,Fully,Little,Little,Little,Somewhat,Little,Somewhat,Little,None,Little,Little,Little,Little
9063,7,Fully,Fully,Fully,Fully,Fully,Fully,Fully,Fully,Fully,None,Fully,Fully,Fully,Fully
9065,7,Fully,Mostly,Little,Little,Mostly,Little,Little,None,Little,None,None,Little,Little,None
9066,7,Mostly,Mostly,Mostly,Somewhat,Somewhat,Mostly,Somewhat,Mostly,Somewhat,None,N/A,Little,Little,Little
9067,7,Somewhat,Somewhat,Little,Little,Little,Somewhat,Somewhat,Somewhat,Somewhat,None,Somewhat,Somewhat,Somewhat,Somewhat
9068,7,Mostly,Fully,Somewhat,Little,Somewhat,Little,Somewhat,Little,Little,None,Little,Somewhat,Somewhat,None
9069,7,Mostly,Fully,Little,Somewhat,None,None,Little,Little,Somewhat,None,None,None,Little,None
9070,7,Fully,Fully,Fully,Little,None,Fully,Fully,Fully,Mostly,Little,Fully,Fully,Fully,Mostly
9071,7,Fully,Fully,Somewhat,Somewhat,None,Somewhat,None,Somewhat,None,None,N/A,None,None,None
9072,7,,,,,,,,,,,,,,
9073,7,Fully,Fully,Fully,Fully,Fully,Fully,Fully,Fully,Fully,N/A,N/A,Fully,Fully,Fully
9074,7,Somewhat,Somewhat,Little,Little,Little,Fully,Somewhat,Fully,Somewhat,None,Somewhat,Somewhat,Somewhat,Somewhat
9075,7,Fully,Fully,Somewhat,Somewhat,Somewhat,Somewhat,None,Somewhat,None,None,N/A,None,None,None
9076,7,Fully,Fully,Somewhat,Somewhat,Mostly,Somewhat,Somewhat,Fully,Somewhat,None,N/A,Mostly,Mostly,Somewhat
9077,7,Fully,Fully,Little,Little,Little,Little,None,Little,Little,None,None,Little,Little,None
9078,7,Fully,Fully,Mostly,Mostly,Mostly,Mostly,Somewhat,Somewhat,Somewhat,Little,N/A,Mostly,Mostly,Mostly
9079,7,Mostly,Fully,Fully,Fully,Fully,Fully,Fully,Fully,Fully,Somewhat,Fully,Fully,Fully,Fully
9080,7,Fully,Fully,Somewhat,Somewhat,Little,Somewhat,Little,Little,Little,None,Little,Somewhat,Somewhat,Little
9081,7,Mostly,Mostly,Mostly,Somewhat,Somewhat,Mostly,Somewhat,Mostly,Somewhat,None,Somewhat,Mostly,Mostly,None
9082,7,Somewhat,Fully,Somewhat,Somewhat,None,Fully,None,Fully,None,None,N/A,Somewhat,Somewhat,Somewhat
9083,7,,,,,,,,,,,,,,
9084,7,Fully,Fully,Fully,Little,Little,Somewhat,Little,Somewhat,Little,None,Somewhat,Somewhat,Somewhat,Somewhat
9085,7,Mostly,Mostly,Mostly,Mostly,Mostly,Fully,Fully,Fully,Fully,Little,N/A,Fully,Fully,Mostly
9086,7,,,,,,,,,,,,,,
9087,7,Mostly,Mostly,Little,Little,Little,Little,None,Little,Little,None,None,Little,Little,None
9088,7,Fully,Fully,Somewhat,Little,Somewhat,Somewhat,Somewhat,Little,Somewhat,None,Somewhat,Somewhat,Somewhat,Little
9089,7,Fully,Fully,Mostly,Little,Little,Little,Little,Mostly,Somewhat,None,None,None,None,Little
9090,7,Somewhat,Fully,Somewhat,Somewhat,Somewhat,Little,Somewhat,Somewhat,Little,None,Little,Somewhat,Little,Somewhat
9091,7,Fully,Fully,None,N/A,N/A,Somewhat,None,Somewhat,None,None,N/A,None,None,None
9092,7,Mostly,Fully,Somewhat,Somewhat,Little,None,None,Little,Little,N/A,None,Little,Little,None
9093,7,Mostly,Fully,Little,N/A,Somewhat,Somewhat,Little,Little,Little,None,Somewhat,Somewhat,Somewhat,Little
9094,7,Fully,Fully,Mostly,Mostly,Fully,Fully,Fully,Fully,Mostly,None,None,Fully,Mostly,Fully
9095,7,Fully,Fully,Fully,Somewhat,Somewhat,Somewhat,Little,Somewhat,Somewhat,None,N/A,Little,Little,None
9096,7,Fully,Fully,Mostly,Mostly,Somewhat,Somewhat,Little,Somewhat,Little,None,Little,Little,Little,Little
9097,7,Fully,Fully,Mostly,Fully,Fully,Mostly,Mostly,Fully,Fully,None,N/A,Fully,Fully,N/A
9098,7,Fully,Fully,Somewhat,N/A,Somewhat,Fully,Somewhat,Fully,Somewhat,None,N/A,Somewhat,Somewhat,Somewhat
9099,7,Fully,Fully,Somewhat,Mostly,Somewhat,Mostly,Somewhat,Somewhat,Mostly,None,N/A,Somewhat,Somewhat,Mostly
9100,7,Fully,Fully,Somewhat,Somewhat,Somewhat,Little,Mostly,Mostly,Little,None,Little,Somewhat,Somewhat,None
9106,7,Little,Little,Somewhat,Somewhat,Somewhat,Somewhat,Somewhat,Little,Little,Little,Somewhat,Somewhat,Somewhat,Somewhat
9108,7,Fully,Fully,Fully,Fully,Fully,Fully,Fully,Fully,Fully,None,Fully,Fully,Fully,Fully
9111,7,Somewhat,Somewhat,Somewhat,Somewhat,Somewhat,Somewhat,Somewhat,Somewhat,Somewhat,None,Somewhat,Somewhat,Somewhat,Somewhat
9115,7,Somewhat,Somewhat,Fully,Somewhat,Fully,Somewhat,Mostly,Somewhat,Somewhat,None,N/A,Little,Somewhat,N/A
10001,7,Mostly,Mostly,Somewhat,Mostly,Mostly,Mostly,Somewhat,Mostly,Somewhat,Somewhat,Somewhat,Somewhat,Mostly,Somewhat
10002,7,Fully,Fully,Somewhat,Somewhat,Somewhat,Little,None,Little,None,None,N/A,None,None,None
10003,7,Fully,Fully,Somewhat,N/A,N/A,Mostly,Mostly,Somewhat,Somewhat,None,N/A,Mostly,Somewhat,Little
10004,7,Fully,Fully,Little,Little,None,Somewhat,None,Somewhat,None,N/A,N/A,None,None,None
10005,7,Fully,Fully,Somewhat,Somewhat,Somewhat,Mostly,Little,Little,Little,None,None,Little,Little,None
10006,7,Fully,Somewhat,Somewhat,Somewhat,Somewhat,Little,Little,Little,Little,None,N/A,Somewhat,Somewhat,None
10007,7,Mostly,Fully,Somewhat,Little,Little,Little,Little,Somewhat,Somewhat,None,None,Little,Little,None
10009,7,Somewhat,Fully,Somewhat,Somewhat,Somewhat,Somewhat,Somewhat,Somewhat,Somewhat,None,Somewhat,Somewhat,Somewhat,Somewhat
10010,7,Fully,Fully,Fully,Fully,Fully,Fully,Fully,Fully,Fully,None,Fully,Fully,Fully,Fully
10011,7,Mostly,Mostly,Somewhat,Somewhat,Mostly,N/A,N/A,Mostly,Mostly,N/A,N/A,Mostly,Mostly,N/A
10012,7,Fully,Fully,Fully,Fully,Fully,Fully,Fully,Fully,Fully,None,Fully,Fully,Fully,Fully
10013,7,Fully,Fully,Little,N/A,N/A,Mostly,Somewhat,Somewhat,Little,None,N/A,Mostly,Somewhat,Little
10014,7,Fully,Fully,Somewhat,Somewhat,Somewhat,Little,None,Fully,None,None,None,None,None,None
10016,7,Fully,Fully,Fully,Fully,Fully,Fully,Fully,Fully,Fully,None,Fully,Fully,Fully,Fully
10017,7,Fully,Fully,Little,Little,Little,Somewhat,Little,Little,Little,None,Little,Somewhat,Somewhat,None
10018,7,Mostly,Fully,Somewhat,Little,Little,Little,Little,Little,Little,None,None,Little,Little,None
10019,7,Fully,Fully,Little,Little,Little,Somewhat,Somewhat,Somewhat,Somewhat,None,Little,Little,Little,Little
10020,7,Fully,Little,Fully,Fully,Fully,Fully,Fully,Fully,Fully,Little,Fully,Fully,Fully,Fully
10021,7,Fully,Fully,Somewhat,Little,Little,Little,Somewhat,Somewhat,Somewhat,None,N/A,Little,Little,None
10022,7,Fully,Mostly,Somewhat,Somewhat,Mostly,Little,Mostly,Fully,Somewhat,None,N/A,Somewhat,Mostly,Little
10023,7,Mostly,Mostly,Somewhat,Somewhat,Somewhat,Little,Little,Little,Little,None,N/A,Somewhat,Somewhat,Little
10024,7,Somewhat,Fully,Somewhat,Somewhat,None,Somewhat,None,Somewhat,None,None,N/A,None,None,None
10025,7,Fully,Fully,Mostly,Mostly,Mostly,Fully,Mostly,Mostly,Mostly,None,Mostly,Fully,Fully,Somewhat
10026,7,Fully,Fully,Somewhat,Somewhat,None,Somewhat,None,Somewhat,None,None,N/A,None,None,None
10027,7,Fully,Mostly,Mostly,Mostly,Mostly,Mostly,Somewhat,Mostly,Somewhat,N/A,N/A,Mostly,Mostly,Somewhat
10029,7,Fully,Fully,Somewhat,Somewhat,Little,Little,Little,Little,Somewhat,Somewhat,N/A,Somewhat,Somewhat,Somewhat
10030,7,Fully,Fully,Fully,Mostly,Mostly,Mostly,Somewhat,Mostly,Somewhat,None,N/A,Mostly,Mostly,Little
10031,7,Fully,Fully,Somewhat,Somewhat,Somewhat,Somewhat,None,Somewhat,None,None,N/A,None,None,None
10033,7,Fully,Fully,Fully,Fully,Fully,Fully,Fully,Fully,Fully,None,Fully,Fully,Fully,Fully
10036,7,Fully,Fully,Somewhat,Somewhat,Somewhat,Somewhat,Somewhat,Little,Little,None,N/A,Somewhat,Somewhat,Little
11001,7,Somewhat,Somewhat,Somewhat,Somewhat,Somewhat,Little,Little,Little,Little,N/A,Little,N/A,N/A,N/A
11002,7,Fully,Fully,Fully,Fully,Fully,Fully,Fully,Fully,Fully,N/A,N/A,Fully,Fully,N/A
11003,7,Mostly,Fully,Somewhat,Somewhat,Somewhat,Somewhat,Somewhat,Somewhat,Somewhat,N/A,Somewhat,Somewhat,Somewhat,Somewhat
11004,7,Little,Little,Little,Little,Little,Little,Little,Little,Little,N/A,Little,Little,Little,Little
11005,7,Somewhat,Somewhat,Little,Little,Little,Little,Little,Little,Little,N/A,Little,Little,Little,Little
11006,7,Fully,Fully,Fully,Fully,Fully,Fully,Fully,Fully,Fully,None,Fully,Fully,Fully,Fully
11007,7,Fully,Fully,Fully,Fully,Fully,None,Little,Fully,Fully,Little,Fully,Fully,Fully,N/A
11008,7,Fully,Fully,Fully,Fully,Fully,N/A,N/A,Fully,Fully,None,Fully,Fully,Fully,N/A
11010,7,Mostly,Mostly,Mostly,N/A,N/A,N/A,N/A,Mostly,Mostly,None,Mostly,Mostly,Mostly,N/A
11011,7,Mostly,Mostly,Somewhat,N/A,Mostly,Somewhat,Somewhat,Somewhat,Somewhat,None,Somewhat,Somewhat,Somewhat,Somewhat
11012,7,Mostly,Fully,Somewhat,Somewhat,Somewhat,Somewhat,Somewhat,Somewhat,Somewhat,Little,Somewhat,Somewhat,Somewhat,Somewhat
11013,7,Somewhat,Somewhat,Somewhat,Somewhat,Somewhat,Somewhat,Somewhat,Somewhat,Somewhat,Somewhat,Somewhat,Somewhat,Somewhat,Somewhat
11014,7,Fully,Fully,Fully,Fully,Fully,N/A,N/A,N/A,N/A,Little,N/A,N/A,N/A,N/A
11015,7,Mostly,Fully,Somewhat,Somewhat,Somewhat,Somewhat,Somewhat,Somewhat,Somewhat,None,Little,Little,Little,Little
11018,7,Fully,Fully,Fully,Mostly,Somewhat,Mostly,Little,Somewhat,Little,Little,Little,Little,Little,Little
11020,7,Somewhat,Somewhat,Little,Little,Little,Little,Little,Little,Little,Little,Little,Little,Little,Little
11021,7,Fully,Fully,Fully,Fully,Fully,Fully,Fully,Fully,Fully,Little,Fully,Fully,Fully,N/A
11022,7,Mostly,Somewhat,Little,Little,Somewhat,Little,Little,Little,Little,N/A,Little,Little,Little,Little
11023,7,Mostly,Fully,Mostly,Mostly,Mostly,Fully,Mostly,Fully,Somewhat,Little,Mostly,Fully,Fully,N/A
11024,7,Mostly,Fully,Somewhat,Somewhat,Somewhat,Somewhat,Somewhat,Somewhat,Somewhat,None,Somewhat,Somewhat,Somewhat,Somewhat
11025,7,Mostly,Fully,Somewhat,Somewhat,Mostly,Mostly,Little,Little,Little,Little,Little,Little,Little,N/A
11026,7,Fully,Fully,Somewhat,Somewhat,Little,Somewhat,Mostly,Somewhat,Somewhat,Little,Mostly,Somewhat,Somewhat,N/A
11027,7,Fully,Fully,Fully,Somewhat,Mostly,Fully,Mostly,Fully,Somewhat,Little,N/A,Fully,Fully,None
11028,7,Mostly,Mostly,Little,Little,Little,Little,Little,Little,Little,Little,Little,Little,Little,Little
11029,7,Fully,Fully,Mostly,Mostly,Somewhat,Fully,Mostly,Somewhat,Mostly,None,Somewhat,Fully,Fully,Little
11030,7,Fully,Fully,Fully,Fully,Fully,Fully,Fully,Fully,Fully,Little,Fully,Fully,Fully,Fully
11032,7,Fully,Fully,Somewhat,Somewhat,Somewhat,Somewhat,Somewhat,Somewhat,Somewhat,Somewhat,N/A,N/A,Somewhat,N/A
11033,7,Mostly,Mostly,Somewhat,Somewhat,Somewhat,Little,Little,Somewhat,Somewhat,N/A,Little,Somewhat,Somewhat,Little
11034,7,Fully,Fully,Fully,Fully,Fully,N/A,N/A,N/A,N/A,None,N/A,N/A,N/A,N/A
11035,7,Little,Little,Little,Little,Little,Little,Little,Little,Little,None,Little,Little,Little,Little
11036,7,Mostly,Little,Little,Little,Little,Little,Little,Little,Little,Little,N/A,N/A,Little,N/A
11037,7,Somewhat,Somewhat,None,None,None,None,None,None,None,None,None,None,None,None
11039,7,Mostly,Mostly,Somewhat,Somewhat,Somewhat,Somewhat,Somewhat,Somewhat,Somewhat,Somewhat,Somewhat,Somewhat,Somewhat,Somewhat
11040,7,Fully,Fully,Fully,Fully,Fully,Fully,Fully,Fully,Fully,None,N/A,N/A,Fully,N/A
11041,7,Mostly,Fully,Somewhat,Somewhat,Little,N/A,N/A,N/A,N/A,None,N/A,N/A,N/A,N/A
11042,7,Fully,Fully,Fully,Fully,Fully,Fully,Fully,Fully,Fully,Fully,Fully,Fully,Fully,Fully
11044,7,Little,Little,None,None,N/A,Little,None,None,None,None,None,None,None,N/A
11045,7,Fully,Fully,Fully,Fully,Fully,Fully,Fully,Fully,Fully,Little,Fully,Fully,Fully,Fully
11047,7,Mostly,Mostly,Somewhat,Somewhat,Somewhat,Somewhat,Somewhat,Somewhat,Somewhat,Little,Little,Little,Little,Little
11049,7,Mostly,Fully,Fully,Fully,Somewhat,Fully,Little,Mostly,Somewhat,N/A,Little,Fully,Fully,N/A
11050,7,Fully,Fully,Fully,Fully,Fully,Fully,Fully,Fully,Fully,Little,Fully,Fully,Fully,Fully
11051,7,Fully,Fully,Fully,Fully,Fully,Fully,Fully,Fully,Fully,Little,Fully,Fully,Fully,Fully
11052,7,Fully,Fully,Fully,Fully,Fully,Fully,Mostly,Fully,Fully,Little,N/A,N/A,Fully,N/A
11054,7,Fully,Fully,Fully,Fully,Fully,Fully,Fully,Fully,Fully,None,Fully,Fully,Fully,Fully
11055,7,Fully,Fully,Somewhat,Somewhat,Somewhat,Mostly,Somewhat,Little,Little,Little,Little,Little,Little,Little
11056,7,Somewhat,Somewhat,Fully,Fully,Fully,Fully,Fully,Fully,Fully,Fully,Fully,Fully,Fully,Fully
11057,7,Fully,Fully,Somewhat,Somewhat,Somewhat,Somewhat,Somewhat,Somewhat,Somewhat,None,Little,Mostly,Mostly,None
11060,7,Somewhat,Somewhat,Somewhat,Somewhat,Somewhat,Somewhat,Somewhat,Somewhat,Somewhat,Somewhat,Somewhat,Somewhat,Somewhat,Somewhat
11061,7,Fully,Fully,Fully,Fully,Fully,Fully,Fully,Fully,Fully,Little,Fully,Fully,Fully,Fully
11064,7,Mostly,Somewhat,Fully,Fully,Fully,Fully,Fully,Fully,Fully,Somewhat,Fully,Fully,Fully,Fully
11067,7,Fully,Fully,Fully,Fully,Fully,Fully,Fully,Fully,Fully,None,Fully,Fully,Fully,Fully
12001,7,Somewhat,Mostly,Little,Little,Little,Little,Little,Little,Little,None,Little,Little,Little,Little
12002,7,Fully,Fully,Somewhat,Somewhat,Somewhat,Somewhat,Somewhat,Somewhat,Somewhat,N/A,None,Somewhat,Somewhat,None
12003,7,Somewhat,Somewhat,Fully,Fully,Fully,Fully,Fully,Fully,Fully,Mostly,N/A,Fully,Fully,Fully
12004,7,Mostly,Little,Little,Little,Little,None,None,None,None,None,None,None,None,None
12005,7,Somewhat,Fully,Somewhat,Somewhat,Mostly,Mostly,Somewhat,Mostly,Mostly,Little,Somewhat,Somewhat,Mostly,Mostly
12006,7,Fully,Fully,Somewhat,Somewhat,Somewhat,Somewhat,Somewhat,Somewhat,Somewhat,Somewhat,Somewhat,Somewhat,Somewhat,Somewhat
12007,7,Mostly,Fully,Somewhat,N/A,Mostly,N/A,N/A,Little,Little,None,Little,Little,Little,Little
12008,7,Fully,Fully,Fully,Fully,Fully,Fully,Fully,Fully,Fully,None,Fully,Fully,Fully,Fully
12009,7,Mostly,Mostly,Little,Little,Little,Little,Little,Little,Little,Little,Little,Little,Little,Little
12010,7,Somewhat,Fully,Little,None,Somewhat,Little,None,Little,None,None,None,None,None,None
12011,7,Somewhat,Fully,Somewhat,Little,Little,Little,Little,Somewhat,Somewhat,None,Little,Little,Little,Little
12015,7,Mostly,Fully,Somewhat,Somewhat,Somewhat,Somewhat,Somewhat,Somewhat,Somewhat,None,Little,Little,Little,Little
12016,7,Fully,Fully,Somewhat,Somewhat,Somewhat,Somewhat,Somewhat,Somewhat,Somewhat,Somewhat,N/A,N/A,Somewhat,Somewhat
12017,7,Fully,Fully,Mostly,Mostly,Mostly,Fully,Little,Mostly,Mostly,Little,N/A,N/A,N/A,N/A
12018,7,Fully,Fully,Mostly,Mostly,Mostly,Mostly,Mostly,Fully,Fully,None,Mostly,Fully,Fully,Little
12019,7,Fully,Fully,Little,Somewhat,Little,Little,Mostly,Little,Somewhat,Little,Little,Little,Little,Little
12020,7,Fully,Fully,Fully,Fully,Fully,Fully,Fully,Fully,Fully,None,Fully,Fully,Fully,Fully
12021,7,Fully,Fully,Fully,Fully,Fully,Fully,Fully,Fully,Fully,None,Fully,Fully,Fully,Fully
12022,7,Mostly,Mostly,Little,Little,Little,Somewhat,Somewhat,Somewhat,Somewhat,Somewhat,Somewhat,Somewhat,Somewhat,Somewhat
12023,7,Somewhat,Somewhat,Fully,Fully,Fully,Fully,Mostly,Fully,Fully,Somewhat,Fully,Fully,Fully,Fully
12024,7,,,,,,,,,,,,,,
12025,7,Fully,Fully,Fully,Fully,Fully,Fully,Fully,Fully,Fully,Little,Fully,Fully,Fully,Fully
12026,7,Mostly,Mostly,Somewhat,Somewhat,Somewhat,Little,Somewhat,Little,Somewhat,None,Little,Little,Little,Little
12027,7,Mostly,Little,Fully,Mostly,Mostly,Fully,Fully,Fully,Fully,Little,Fully,Fully,Fully,Fully
12028,7,Little,Little,Little,Little,Little,None,None,None,None,None,None,None,None,None
12029,7,Fully,Fully,Somewhat,Little,Little,N/A,Somewhat,Little,Little,None,Little,N/A,Little,Little
12030,7,Fully,Somewhat,Fully,Mostly,Mostly,Fully,Fully,Fully,Fully,Little,N/A,N/A,Fully,N/A
12031,7,Somewhat,None,Somewhat,N/A,Mostly,Fully,Fully,Fully,Fully,None,Fully,Fully,Fully,Fully
12032,7,Fully,Fully,Fully,N/A,N/A,Fully,Fully,Fully,Fully,Little,Mostly,Mostly,Mostly,Mostly
12033,7,Mostly,Fully,Little,Little,Somewhat,Somewhat,Little,Somewhat,Little,Little,Little,Little,Little,Little
12034,7,Mostly,Fully,Mostly,Mostly,Mostly,Fully,Mostly,Mostly,Mostly,Little,Mostly,Fully,Fully,N/A
12035,7,Fully,Fully,Fully,N/A,Somewhat,Fully,Fully,Fully,Fully,None,Fully,Fully,Fully,Fully
12036,7,Somewhat,Somewhat,Somewhat,Somewhat,Somewhat,Somewhat,Somewhat,Somewhat,Somewhat,Somewhat,Somewhat,Somewhat,Somewhat,Somewhat
12040,7,Mostly,Somewhat,Fully,Little,Little,Little,Mostly,Somewhat,Little,Little,Little,Little,Little,Little
12043,7,Fully,Fully,Fully,Fully,Fully,Fully,Fully,Fully,Fully,None,Fully,None,Fully,None
12044,7,Somewhat,Fully,Little,Little,Little,Little,Little,Little,Little,Little,Little,Somewhat,Somewhat,Little
13001,7,Mostly,Fully,Mostly,Somewhat,Somewhat,Mostly,Somewhat,Mostly,Mostly,Little,Mostly,N/A,Mostly,N/A
13002,7,Fully,Fully,Fully,Fully,Fully,Fully,Fully,Fully,Fully,Little,N/A,Fully,Fully,N/A
13003,7,Mostly,Fully,Somewhat,Somewhat,Somewhat,Somewhat,Somewhat,Mostly,Somewhat,Little,Little,Somewhat,Little,Somewhat
13004,7,Fully,Fully,Somewhat,Somewhat,Somewhat,Somewhat,Somewhat,Somewhat,Somewhat,Somewhat,Somewhat,Somewhat,Somewhat,N/A
13005,7,Fully,Fully,Fully,Fully,Fully,Fully,Little,Fully,Fully,Little,N/A,N/A,Fully,N/A
13006,7,Fully,Fully,Fully,N/A,N/A,N/A,N/A,Fully,Fully,None,N/A,N/A,Fully,N/A
13007,7,Little,Little,Mostly,N/A,N/A,N/A,N/A,Fully,Fully,Little,Fully,Fully,Fully,Fully
13008,7,Mostly,Mostly,Fully,None,None,Fully,Fully,Fully,Fully,N/A,N/A,Fully,Fully,N/A
13009,7,Mostly,Fully,Mostly,Mostly,Mostly,Somewhat,Somewhat,Mostly,Mostly,None,Mostly,Mostly,Mostly,Mostly
13010,7,Fully,Fully,Fully,Fully,Fully,Fully,Fully,Fully,Fully,Fully,Fully,Fully,Fully,Fully
13011,7,Fully,Fully,Fully,Fully,Fully,Fully,Fully,Fully,Fully,Fully,Fully,Fully,Fully,Fully
13012,7,Mostly,Mostly,Little,Little,Little,Somewhat,Little,Little,Little,N/A,Little,Little,Little,Little
13013,7,Mostly,Mostly,Little,Little,Little,Little,Little,Little,Little,Little,Little,Little,Little,Little
13014,7,Fully,Fully,Somewhat,Somewhat,Somewhat,Somewhat,Somewhat,Somewhat,Somewhat,Little,Little,Somewhat,Somewhat,N/A
13015,7,Somewhat,Somewhat,Fully,Fully,Fully,Fully,Fully,Fully,Fully,Fully,Fully,Fully,Fully,Fully
13016,7,Fully,Little,Fully,Fully,Fully,Fully,Fully,Fully,Fully,Somewhat,Fully,Fully,Fully,Fully
13017,7,Fully,Fully,Fully,N/A,N/A,Fully,Fully,Fully,Fully,Little,N/A,Fully,Fully,N/A
13018,7,Somewhat,Mostly,Somewhat,Somewhat,Somewhat,Little,Little,Little,Little,None,Little,Little,Little,Little
13019,7,Mostly,Mostly,Somewhat,Somewhat,Somewhat,None,None,None,None,None,None,None,None,None
13020,7,Fully,Fully,Somewhat,Somewhat,Somewhat,Little,Little,Little,Little,None,None,Somewhat,Somewhat,None
13021,7,Somewhat,Somewhat,Fully,Fully,Fully,Fully,Fully,Fully,Fully,Fully,Fully,Fully,Fully,Fully
13022,7,Somewhat,Somewhat,Little,None,None,None,None,None,None,None,None,None,None,None
13023,7,Mostly,None,Fully,Fully,Fully,Fully,Fully,Fully,Fully,N/A,Fully,Fully,Fully,Fully
13025,7,Fully,Fully,Fully,Fully,Fully,Fully,Fully,Fully,Fully,Little,Fully,Fully,Fully,Fully
13026,7,Fully,Fully,Fully,Fully,Fully,Fully,Fully,Fully,Fully,None,Fully,Fully,Fully,Fully
13028,7,Fully,Fully,Fully,Fully,Fully,Fully,Fully,Fully,Fully,Little,Mostly,Fully,Fully,Mostly
13029,7,Fully,Fully,Fully,Fully,Fully,Fully,Fully,Fully,Fully,Little,Fully,Fully,Fully,Fully
13030,7,Somewhat,Mostly,Somewhat,Somewhat,Little,Somewhat,Somewhat,Somewhat,Somewhat,None,Somewhat,Somewhat,Somewhat,Somewhat
13035,7,Mostly,Fully,Fully,Mostly,Mostly,Fully,Mostly,Fully,Fully,Little,N/A,Fully,Fully,N/A
13036,7,Fully,Fully,Somewhat,Little,Little,Little,Little,Somewhat,Somewhat,Little,N/A,Little,Somewhat,N/A
13038,7,Fully,Fully,Mostly,Somewhat,Mostly,Fully,Mostly,Fully,Fully,Little,Mostly,Fully,Fully,Somewhat
14001,7,Somewhat,Little,N/A,N/A,Fully,Fully,Fully,Fully,Fully,Fully,N/A,N/A,Fully,N/A
14002,7,Fully,Fully,N/A,None,None,None,None,None,None,None,None,None,None,None
14003,7,Fully,Mostly,Little,Mostly,Little,Somewhat,Fully,Little,Little,N/A,N/A,Fully,Mostly,N/A
14004,7,Fully,Fully,Fully,Fully,Fully,Fully,Fully,Fully,Fully,Fully,N/A,Fully,Fully,N/A
14005,7,Fully,Fully,Fully,Fully,Fully,Somewhat,N/A,Mostly,N/A,None,N/A,Fully,Mostly,Little
14006,7,Fully,Fully,Fully,Fully,Fully,N/A,N/A,Fully,Fully,N/A,N/A,N/A,Fully,Fully
14008,7,None,None,Fully,Fully,Fully,Fully,Fully,Fully,Fully,None,Fully,Fully,Fully,Fully
14009,7,,,,,,,,,,,,,,
14010,7,,,,,,,,,,,,,,
14011,7,Mostly,Mostly,Little,Little,Little,Little,Little,Little,Little,N/A,N/A,Little,Little,N/A
14012,7,,,,,,,,,,,,,,
14013,7,Fully,Fully,Fully,Fully,Fully,Fully,Fully,Fully,Fully,None,Fully,Fully,Fully,Fully
14014,7,Fully,Fully,Fully,Fully,Fully,Fully,Fully,Fully,Fully,Fully,Fully,Fully,Fully,Fully
14015,7,None,Fully,Fully,Fully,None,N/A,N/A,None,None,Little,None,None,None,N/A
14016,7,None,Somewhat,None,None,Little,None,None,None,None,None,None,None,None,N/A
14017,7,Mostly,Mostly,Somewhat,Little,Fully,Little,Little,Mostly,Fully,None,N/A,Little,Little,Little
14018,7,Mostly,Mostly,Mostly,N/A,N/A,N/A,None,Mostly,Fully,N/A,N/A,Mostly,Mostly,Somewhat
14019,7,Mostly,Mostly,Mostly,Mostly,Mostly,Mostly,Mostly,Mostly,Mostly,N/A,Mostly,Mostly,Mostly,N/A
14020,7,Fully,Fully,Fully,N/A,N/A,Somewhat,Somewhat,Fully,Fully,None,None,None,Mostly,None
14021,7,Fully,Fully,Fully,Fully,Fully,Fully,Fully,Fully,Fully,Fully,N/A,Fully,Fully,N/A
14022,7,Fully,Fully,Fully,Fully,Fully,N/A,N/A,N/A,N/A,N/A,N/A,N/A,N/A,N/A
14024,7,Fully,Fully,Fully,Fully,Fully,Fully,Somewhat,Mostly,Somewhat,None,Little,Mostly,Somewhat,None
14027,7,Fully,Fully,Fully,Fully,Fully,None,N/A,N/A,N/A,N/A,Little,Somewhat,Somewhat,Little
14028,7,Fully,Fully,Fully,Fully,Fully,Mostly,Mostly,Mostly,Mostly,None,N/A,Mostly,Mostly,Mostly
14029,7,,,,,,,,,,,,,,
14030,7,Fully,Fully,Fully,Fully,Fully,Fully,Fully,Fully,Fully,Fully,N/A,None,None,N/A
14031,7,Little,Little,Little,Little,Little,Little,Little,Little,Little,Little,Little,Little,Little,Little
14033,7,Mostly,Somewhat,Mostly,Somewhat,N/A,Fully,Fully,Fully,Fully,Little,N/A,Fully,Fully,Fully
14035,7,Mostly,Mostly,Mostly,Little,Little,Somewhat,Little,Little,Little,None,N/A,Little,Little,N/A
14037,7,Mostly,Mostly,Little,Little,Little,Little,Little,Little,Little,None,N/A,Little,Little,N/A
14038,7,Fully,None,Fully,Fully,Fully,Fully,Fully,Fully,Fully,Fully,N/A,Fully,Fully,N/A
14040,7,Fully,Fully,Fully,Fully,Fully,Fully,Fully,Fully,Fully,N/A,N/A,Fully,Fully,N/A
14041,7,Mostly,Mostly,Mostly,Little,Little,Somewhat,Somewhat,Somewhat,Somewhat,Somewhat,N/A,Somewhat,Somewhat,N/A
14043,7,Fully,Fully,None,None,None,None,None,None,None,None,None,None,None,None
14044,7,Somewhat,Somewhat,Somewhat,Somewhat,Somewhat,Fully,Fully,Fully,Fully,N/A,N/A,Fully,Fully,N/A
14045,7,Mostly,Mostly,Mostly,Mostly,Mostly,Mostly,Mostly,Mostly,Mostly,Mostly,Mostly,Mostly,Mostly,Mostly
14046,7,Fully,Fully,Fully,Fully,Fully,Fully,Fully,Fully,Fully,N/A,N/A,N/A,Fully,Fully
14048,7,Mostly,Mostly,Mostly,Mostly,Mostly,Mostly,Mostly,Mostly,Mostly,N/A,Somewhat,Somewhat,Somewhat,Somewhat
14049,7,Mostly,Somewhat,Somewhat,Mostly,Little,Mostly,Somewhat,Mostly,Somewhat,None,None,Somewhat,Mostly,None
14050,7,Fully,Fully,Mostly,Mostly,Mostly,Fully,Mostly,Little,Somewhat,N/A,N/A,Mostly,Fully,N/A
14051,7,,,,,,,,,,,,,,
14052,7,Somewhat,Somewhat,Somewhat,Somewhat,Somewhat,Somewhat,Somewhat,Somewhat,Somewhat,Somewhat,N/A,Somewhat,Somewhat,N/A
14054,7,Mostly,Mostly,Mostly,Mostly,Mostly,Mostly,Mostly,Mostly,Mostly,Mostly,N/A,Mostly,Mostly,N/A
14055,7,Little,Fully,None,None,Little,None,None,None,None,Little,None,None,Little,None
14056,7,Mostly,Mostly,Fully,Little,Little,Mostly,Little,Little,Little,None,N/A,Mostly,Somewhat,N/A
14057,7,Fully,Fully,Fully,Fully,Fully,Fully,Fully,Fully,Fully,Fully,N/A,Fully,Fully,N/A
14058,7,Fully,Fully,Fully,Fully,Fully,Fully,Fully,Fully,Fully,Little,None,None,None,None
14060,7,Fully,Fully,Fully,Fully,Fully,Fully,Fully,Fully,Fully,Fully,Fully,Fully,Fully,Fully
14061,7,Mostly,Little,Mostly,Mostly,Mostly,Mostly,Mostly,Mostly,Mostly,Mostly,N/A,Mostly,Mostly,Mostly
14062,7,Little,Little,Mostly,Mostly,Mostly,Fully,Fully,Fully,Fully,Fully,N/A,Fully,Fully,Fully
14064,7,Fully,Fully,Fully,Fully,Fully,None,None,None,None,N/A,N/A,N/A,Fully,N/A
14065,7,Fully,Fully,N/A,N/A,N/A,Fully,Fully,Fully,Fully,Fully,None,None,Fully,None
14066,7,Fully,Fully,Fully,Fully,Fully,Fully,Fully,Fully,Fully,N/A,N/A,N/A,Fully,N/A
14067,7,Fully,Fully,Fully,Fully,Fully,Fully,Fully,Fully,Fully,None,N/A,N/A,N/A,N/A
14068,7,Somewhat,Somewhat,Somewhat,Somewhat,Somewhat,None,None,None,None,N/A,None,None,None,None
14069,7,Little,Little,None,N/A,N/A,None,None,Mostly,Mostly,Mostly,N/A,Somewhat,Somewhat,N/A
14071,7,Mostly,Mostly,Little,Little,Little,Little,Little,Little,Little,None,N/A,Little,Little,Little
14073,7,,,,,,,,,,,,,,
14075,7,Fully,Somewhat,Mostly,Mostly,Fully,N/A,N/A,Fully,Mostly,N/A,N/A,N/A,Fully,N/A
14076,7,,,,,,,,,,,,,,
14077,7,,,,,,,,,,,,,,
14078,7,Fully,Fully,Fully,Fully,Fully,Fully,Fully,Fully,Fully,Fully,Fully,Fully,Fully,Fully
14082,7,Fully,Little,Fully,Fully,Fully,Fully,Fully,Fully,Fully,Fully,N/A,N/A,Fully,N/A
14083,7,Fully,Fully,Fully,Fully,Fully,Fully,Fully,Fully,Fully,Fully,N/A,N/A,N/A,N/A
14085,7,,,,,,,,,,,,,,
14086,7,,,,,,,,,,,,,,
14087,7,Somewhat,None,Fully,Somewhat,Somewhat,Somewhat,Somewhat,Somewhat,Somewhat,Little,None,Somewhat,Somewhat,None
14088,7,Somewhat,Somewhat,Somewhat,Somewhat,Somewhat,Somewhat,Somewhat,Somewhat,Somewhat,N/A,N/A,N/A,Somewhat,N/A
14089,7,Little,Little,Little,Little,Little,Fully,Fully,Fully,Fully,Fully,Fully,Fully,Fully,Fully
14090,7,Little,Little,Little,Little,Little,Little,Little,Little,Little,Little,Little,Little,Little,None
14091,7,Fully,Fully,Fully,Fully,Fully,N/A,N/A,N/A,N/A,N/A,N/A,N/A,N/A,N/A
14092,7,Fully,Fully,Fully,Fully,Somewhat,Fully,Fully,Fully,Fully,None,Fully,Fully,Fully,Fully
14094,7,Fully,Fully,Fully,Fully,Fully,Fully,Fully,Fully,Fully,N/A,N/A,N/A,Fully,N/A
14095,7,,,,,,,,,,,,,,
14096,7,Little,Little,Somewhat,Mostly,Fully,Fully,Fully,Fully,Fully,Fully,Fully,Somewhat,Somewhat,Fully
14097,7,Fully,Somewhat,Fully,N/A,Fully,Fully,Fully,Fully,Fully,Little,N/A,Fully,Fully,Fully
14098,7,Mostly,Mostly,Somewhat,Somewhat,Somewhat,Somewhat,Somewhat,Somewhat,Somewhat,None,N/A,Somewhat,Somewhat,Somewhat
14099,7,Fully,Fully,Fully,Fully,Fully,Fully,Fully,Fully,Fully,None,None,Fully,Fully,None
14101,7,Fully,Fully,Fully,Fully,Fully,N/A,N/A,N/A,N/A,N/A,N/A,N/A,N/A,N/A
14102,7,Somewhat,Somewhat,Somewhat,Somewhat,Somewhat,N/A,N/A,N/A,N/A,N/A,N/A,N/A,N/A,N/A
14103,7,Fully,Fully,Fully,Fully,Fully,Fully,Fully,Fully,Fully,Fully,N/A,Fully,N/A,N/A
14104,7,Mostly,Mostly,Somewhat,Somewhat,Little,Somewhat,Somewhat,Mostly,Somewhat,Little,N/A,N/A,Fully,N/A
14105,7,Fully,Fully,None,None,None,None,None,None,None,None,None,None,None,None
14106,7,Somewhat,Somewhat,Somewhat,Somewhat,Somewhat,Somewhat,Somewhat,Somewhat,Somewhat,N/A,N/A,N/A,Little,Little
14108,7,None,None,Fully,N/A,Fully,Fully,None,None,None,Little,N/A,Fully,Fully,N/A
14109,7,Fully,Fully,Fully,Fully,Fully,Mostly,Mostly,Mostly,Mostly,Mostly,N/A,Mostly,Mostly,N/A
14110,7,,,,,,,,,,,,,,
14111,7,Fully,Fully,Fully,Fully,Fully,Fully,Fully,Fully,Fully,Fully,N/A,Fully,Fully,N/A
14112,7,Fully,Fully,Fully,Fully,Fully,Fully,Fully,Fully,Fully,Fully,Fully,Fully,Fully,None
14113,7,,,,,,,,,,,,,,
14114,7,Fully,Fully,Fully,Fully,Fully,Fully,Fully,Fully,Fully,None,N/A,Fully,Fully,N/A
14115,7,Somewhat,Fully,Somewhat,Somewhat,Somewhat,Somewhat,Somewhat,Somewhat,Somewhat,N/A,N/A,Little,Little,N/A
14116,7,Fully,Fully,Fully,Fully,Fully,Fully,Fully,Fully,Fully,Fully,None,Mostly,Mostly,None
14117,7,Fully,Mostly,Fully,Mostly,Mostly,Mostly,Somewhat,Little,Little,Somewhat,N/A,Mostly,Somewhat,N/A
14118,7,Somewhat,Somewhat,Somewhat,Somewhat,Somewhat,Little,Little,Little,Little,None,N/A,Little,Little,N/A
14120,7,Mostly,Mostly,Fully,None,N/A,Somewhat,Fully,Mostly,Somewhat,N/A,N/A,Mostly,Somewhat,None
14121,7,Fully,Mostly,Mostly,Mostly,Mostly,Fully,Fully,Fully,Fully,N/A,N/A,Fully,Fully,N/A
14122,7,Fully,Fully,Fully,Fully,Fully,Fully,Fully,Fully,Fully,Fully,N/A,Fully,Fully,N/A
14124,7,Mostly,Mostly,Somewhat,Somewhat,Somewhat,Little,Little,Little,Little,None,None,Little,Little,None
14125,7,Mostly,Mostly,Mostly,Mostly,Mostly,Mostly,Mostly,Mostly,Mostly,Mostly,N/A,Mostly,Mostly,N/A
14129,7,,,,,,,,,,,,,,
14130,7,Fully,Fully,Little,Little,Little,Little,Little,Little,Little,None,N/A,Little,Little,Little
14134,7,Mostly,Fully,Mostly,Mostly,Mostly,Somewhat,Somewhat,Mostly,Mostly,Somewhat,N/A,Fully,Fully,N/A
14137,7,Fully,Fully,Fully,Fully,Fully,Fully,Fully,Fully,Fully,None,None,Fully,Fully,None
14138,7,Fully,Fully,Fully,Fully,Fully,Fully,Fully,Fully,Fully,Somewhat,None,Fully,Fully,None
15001,7,Mostly,Somewhat,Somewhat,Somewhat,Somewhat,Somewhat,Somewhat,Somewhat,Somewhat,N/A,Somewhat,Somewhat,Somewhat,Somewhat
15002,7,Fully,Fully,Fully,Fully,Fully,Fully,Fully,Fully,Fully,Little,Fully,Fully,Fully,Fully
15003,7,Somewhat,Somewhat,Fully,Fully,Fully,Fully,Fully,Fully,Fully,Fully,Fully,Fully,Fully,Fully
15005,7,Fully,Fully,Somewhat,Somewhat,Somewhat,Little,Somewhat,Little,Somewhat,Little,None,Somewhat,Somewhat,None
15006,7,Somewhat,Fully,Little,Little,Little,None,Little,Little,Little,Little,Little,Somewhat,Somewhat,Little
15007,7,Fully,None,Fully,Fully,Fully,Fully,Fully,Fully,Fully,Somewhat,Fully,N/A,Fully,Fully
15008,7,Fully,Fully,Somewhat,Mostly,Fully,Fully,Mostly,Fully,Fully,Little,Fully,Fully,Fully,N/A
15009,7,Little,Little,Little,Little,Little,Somewhat,Little,Little,Little,N/A,Little,Little,Little,Little
15010,7,,,,,,,,,,,,,,
15012,7,Somewhat,Little,Fully,Fully,Fully,Fully,Fully,Fully,Fully,Fully,Fully,Fully,Fully,Fully
15013,7,Mostly,None,Fully,Fully,Fully,Fully,Fully,Fully,Fully,Little,Fully,Fully,Fully,Fully
15014,7,Fully,Mostly,Fully,Fully,Fully,Fully,Fully,Fully,Fully,Somewhat,Fully,Fully,Fully,Fully
15016,7,Mostly,Mostly,Little,Little,Little,None,None,None,None,None,None,None,None,None
15018,7,Somewhat,Mostly,Mostly,Somewhat,Somewhat,Somewhat,Mostly,Mostly,Mostly,Little,Somewhat,Little,Little,Little
15019,7,Somewhat,Somewhat,Mostly,Mostly,Mostly,Fully,Fully,Fully,Fully,Fully,Fully,Fully,Fully,Fully
15020,7,Fully,Fully,Fully,Fully,N/A,Fully,Fully,Fully,Fully,N/A,Fully,Fully,Fully,N/A
15021,7,Mostly,Little,Fully,Fully,Fully,Fully,Fully,Fully,Fully,Somewhat,Fully,Fully,Fully,Fully
15022,7,Fully,Fully,Mostly,Mostly,Mostly,Mostly,Mostly,Mostly,Mostly,None,Mostly,Mostly,N/A,N/A
15023,7,Mostly,Mostly,Mostly,Mostly,Mostly,Mostly,Mostly,Mostly,Mostly,Little,Mostly,Mostly,Mostly,Mostly
15024,7,Somewhat,Mostly,Somewhat,Somewhat,Somewhat,Somewhat,Somewhat,Somewhat,Somewhat,Little,Somewhat,Somewhat,Somewhat,Somewhat
15025,7,Mostly,Fully,Little,Somewhat,Little,Somewhat,Little,Little,Little,Little,N/A,Little,Little,N/A
15026,7,Mostly,Little,Mostly,Mostly,Mostly,Fully,Fully,Fully,Fully,Somewhat,Fully,Fully,Fully,Fully
15027,7,Mostly,Fully,Somewhat,Somewhat,Somewhat,Somewhat,Somewhat,Somewhat,Somewhat,None,Somewhat,Somewhat,Somewhat,Somewhat
15028,7,Fully,Fully,Fully,Fully,Fully,Fully,Fully,Fully,Fully,None,Fully,Fully,Fully,Fully
15029,7,Mostly,Mostly,Fully,Fully,Fully,Fully,Fully,Fully,Fully,Somewhat,Fully,Fully,Fully,N/A
15030,7,Fully,Fully,Fully,Fully,Fully,Fully,Fully,Fully,Fully,None,Fully,Fully,Fully,Fully
15031,7,Fully,Fully,Mostly,Mostly,Fully,Fully,Fully,Fully,Fully,None,Fully,Fully,Fully,Fully
15033,7,Fully,Fully,Fully,Fully,Fully,Fully,Fully,Fully,Fully,Little,Fully,Fully,Fully,N/A
15034,7,Mostly,Mostly,Somewhat,Somewhat,Somewhat,Somewhat,Somewhat,Somewhat,Somewhat,None,Somewhat,Somewhat,Somewhat,Somewhat
15035,7,Little,Little,Fully,Fully,Fully,Fully,Fully,Fully,Little,Little,Fully,Fully,Fully,Fully
15036,7,Somewhat,Fully,Little,Little,Somewhat,Little,Little,None,None,None,None,N/A,None,None
15037,7,Mostly,Mostly,Little,Little,Little,Little,Little,Little,Little,N/A,Little,Little,Little,Little
15038,7,,,,,,,,,,,,,,
15039,7,Fully,Fully,Fully,Fully,Fully,Fully,Fully,Fully,Fully,Little,Fully,N/A,Fully,Fully
15040,7,Fully,Mostly,Fully,Fully,Fully,Fully,Fully,Fully,Fully,None,Fully,Fully,Fully,Fully
15041,7,Fully,Fully,Fully,Fully,Fully,Fully,Fully,Fully,Fully,N/A,Fully,Fully,Fully,Fully
15042,7,Mostly,Mostly,Mostly,Fully,Fully,Fully,Mostly,Mostly,Mostly,Somewhat,Mostly,Mostly,Mostly,Mostly
15044,7,Mostly,Mostly,Little,Little,Little,None,None,None,None,None,None,None,None,None
15046,7,Somewhat,Somewhat,Mostly,Mostly,Mostly,Mostly,Mostly,Mostly,Mostly,Mostly,Mostly,Mostly,Mostly,Mostly
15047,7,Fully,Fully,Fully,Fully,Fully,Fully,Fully,Fully,Fully,Mostly,Fully,Fully,Fully,Fully
15049,7,Fully,Fully,Fully,Fully,Fully,Fully,Fully,Fully,Fully,Fully,Fully,Fully,Fully,Fully
15050,7,Little,Little,Fully,Fully,Fully,Fully,Fully,Fully,Fully,Somewhat,Fully,Fully,Fully,Fully
15052,7,Fully,Fully,Fully,Fully,Fully,Fully,Fully,Fully,Fully,Fully,N/A,Fully,Fully,N/A
16001,7,Fully,Fully,Fully,Fully,Fully,Fully,Fully,Fully,Fully,None,Fully,Fully,Fully,Fully
16004,7,Fully,Fully,Fully,Fully,Fully,Fully,Fully,Fully,Fully,None,Fully,Fully,Fully,Fully
16006,7,Somewhat,Somewhat,Fully,Fully,Fully,Fully,Fully,Fully,Fully,Somewhat,Fully,Fully,Fully,Fully
16007,7,Mostly,Fully,Little,Somewhat,Little,Little,Little,Little,Somewhat,Little,Little,Somewhat,Little,N/A
16008,7,Somewhat,Somewhat,Fully,Fully,Fully,Fully,Fully,Fully,Fully,Somewhat,Fully,Fully,Fully,Fully
16009,7,Fully,Fully,Fully,Fully,Fully,Fully,Fully,Fully,Fully,Somewhat,Fully,Fully,Fully,Fully
16010,7,Fully,Fully,Fully,Fully,Fully,Fully,Little,Fully,Fully,Little,Fully,Fully,Fully,N/A
16011,7,Fully,Fully,Fully,Fully,Fully,Fully,Fully,Fully,Fully,Fully,Fully,Fully,Fully,Fully
16012,7,Mostly,Little,Fully,Fully,Fully,Fully,Fully,Fully,Fully,Mostly,N/A,Fully,Fully,N/A
16014,7,Fully,Fully,Fully,Fully,Fully,Fully,Fully,Fully,Fully,Fully,Fully,Fully,Fully,Fully
16015,7,Fully,Fully,Fully,N/A,N/A,Fully,Fully,Fully,Fully,N/A,Fully,Fully,Fully,N/A
16016,7,N/A,N/A,N/A,N/A,N/A,N/A,N/A,N/A,N/A,N/A,N/A,N/A,N/A,N/A
16017,7,Fully,Fully,Fully,Fully,Fully,Fully,Fully,Fully,Fully,Little,N/A,N/A,Fully,N/A
16018,7,Mostly,Mostly,Somewhat,Little,None,Somewhat,Little,Little,Little,None,Little,Little,Little,Little
16019,7,Fully,Fully,Fully,Fully,Little,Fully,Fully,Fully,Fully,Little,N/A,Fully,Fully,N/A
16020,7,Fully,Fully,Fully,Fully,Fully,Fully,Fully,Fully,Fully,Fully,Fully,Fully,Fully,Fully
16021,7,,,,,,,,,,,,,,
16022,7,Mostly,Fully,Mostly,Somewhat,Somewhat,Mostly,Somewhat,Fully,Mostly,Little,Mostly,Fully,Fully,N/A
16023,7,Fully,Fully,Fully,Mostly,Fully,Fully,Little,Fully,Fully,Little,Fully,Mostly,Fully,N/A
16024,7,Mostly,Mostly,Mostly,Mostly,Mostly,Mostly,Mostly,Mostly,Mostly,Little,Mostly,Mostly,Mostly,Mostly
16025,7,Fully,Fully,Fully,Fully,Fully,Fully,Fully,Fully,Fully,N/A,Fully,Fully,Fully,N/A
16026,7,Fully,Fully,Fully,Fully,Fully,Fully,Fully,Fully,Fully,Mostly,Fully,Fully,Fully,Fully
16027,7,Somewhat,Mostly,Somewhat,Little,Little,Little,Little,Little,Little,None,Little,Little,Little,N/A
16028,7,Mostly,Little,Mostly,N/A,Fully,Fully,Fully,Fully,Fully,Somewhat,N/A,Fully,Fully,N/A
16029,7,Fully,Fully,Fully,N/A,Fully,N/A,N/A,Fully,Fully,None,Fully,N/A,Fully,N/A
16030,7,None,None,None,None,None,None,None,None,None,None,None,None,None,None
16031,7,Mostly,Mostly,Somewhat,Somewhat,Somewhat,Mostly,Somewhat,Somewhat,Mostly,Little,Somewhat,Somewhat,Somewhat,Somewhat
16032,7,Fully,Fully,Mostly,Little,Little,Mostly,Mostly,Mostly,Mostly,N/A,N/A,Somewhat,Somewhat,N/A
16033,7,,,,,,,,,,,,,,
16034,7,Mostly,Mostly,Mostly,Somewhat,Somewhat,Somewhat,Somewhat,Somewhat,Somewhat,Somewhat,Somewhat,Somewhat,Somewhat,Somewhat
16035,7,,,,,,,,,,,,,,
16036,7,Fully,Fully,Fully,Fully,Fully,Fully,Fully,Fully,Fully,Little,Fully,Fully,Fully,Fully
16037,7,Fully,Fully,Somewhat,Little,Little,Somewhat,Somewhat,Mostly,Little,None,N/A,Somewhat,Somewhat,N/A
16038,7,Fully,Fully,Fully,Fully,Fully,Fully,Fully,Fully,Fully,None,N/A,N/A,Fully,N/A
16040,7,Mostly,Fully,Mostly,Little,Little,Somewhat,Little,Little,Little,Little,Little,Little,Little,N/A
16042,7,Little,Little,Mostly,Mostly,Mostly,Fully,Fully,Fully,Fully,Fully,Fully,Fully,Fully,Fully
16043,7,Somewhat,Fully,Little,N/A,Little,Somewhat,Little,Little,Little,None,N/A,N/A,Little,N/A
16044,7,,,,,,,,,,,,,,
16045,7,Mostly,Fully,Somewhat,Little,Little,Mostly,Somewhat,Somewhat,Little,N/A,Little,Somewhat,Somewhat,N/A
16046,7,Mostly,Little,Mostly,Mostly,Mostly,Mostly,Mostly,Mostly,Mostly,Little,Mostly,Mostly,Mostly,Mostly
16047,7,Fully,Little,Fully,N/A,Fully,N/A,N/A,Fully,Fully,Somewhat,N/A,N/A,Fully,Fully
16048,7,Mostly,Fully,Somewhat,Somewhat,Somewhat,Mostly,Somewhat,Somewhat,Little,Little,N/A,N/A,Fully,N/A
16049,7,Fully,Fully,Fully,Fully,Fully,Fully,Fully,Fully,Fully,None,Fully,Fully,Fully,N/A
16050,7,Fully,Fully,Mostly,Fully,Fully,Little,Little,Mostly,Fully,Little,Fully,Fully,Fully,N/A
16051,7,Fully,Fully,Fully,Fully,Fully,Fully,Fully,Fully,Fully,Fully,Fully,Fully,Fully,N/A
16052,7,Mostly,Fully,Somewhat,Little,Somewhat,Mostly,Somewhat,Somewhat,Somewhat,None,N/A,N/A,Fully,N/A
16053,7,Fully,Fully,Fully,Fully,Fully,Fully,Fully,Fully,Fully,Fully,Fully,Fully,Fully,Fully
16063,7,Somewhat,Mostly,Somewhat,Somewhat,Somewhat,Somewhat,Somewhat,Somewhat,Somewhat,None,Somewhat,Somewhat,Somewhat,Somewhat
16066,7,Mostly,Fully,Little,N/A,Somewhat,Somewhat,Somewhat,None,None,None,None,None,None,None
